section_id,basin_id,run,ok,lat,lon,station_along_ft,thalweg_elev_ft,bankfull_depth_ft,topbank_depth_ft,d100_above_thalweg_ft
CC-SPD-1830_r0_000,CC-SPD-1830,0,0,35.2829674512369,-83.18616312278276,30.0,2145.06,0.57,2.75,4.15
CC-SPD-1830_r0_001,CC-SPD-1830,0,1,35.283123353710685,-83.18609756234827,90.0,2144.75,1.21,2.36,4.23
CC-SPD-1830_r0_002,CC-SPD-1830,0,1,35.28327925618448,-83.18603200191379,150.0,2144.1,2.12,2.16,4.55
CC-SPD-1830_r0_003,CC-SPD-1830,0,1,35.28343515865827,-83.1859664414793,210.0,2143.87,1.61,1.67,4.11
CC-SPD-1830_r0_004,CC-SPD-1830,0,0,35.28359106113206,-83.18590088104482,270.0,2143.73,0.41,0.91,4.04
CC-SPD-1830_r0_005,CC-SPD-1830,0,1,35.28374696360585,-83.18583532061034,330.0,2142.66,0.9,1.8,4.4
CC-SPD-1830_r0_006,CC-SPD-1830,0,1,35.283902866079636,-83.18576976017584,390.0,2142.67,1.21,2.08,4.54
CC-SPD-1830_r0_007,CC-SPD-1830,0,1,35.28405876855343,-83.18570419974137,450.0,2141.68,2.02,2.09,4.71
CC-SPD-1830_r0_008,CC-SPD-1830,0,1,35.28419603363789,-83.18560367205953,510.0,2141.12,2.23,2.83,4.72
CC-SPD-1830_r0_009,CC-SPD-1830,0,1,35.28430776240508,-83.1854552334441,570.0,2141.16,2.17,2.27,4.48
CC-SPD-1830_r0_010,CC-SPD-1830,0,1,35.28441290425684,-83.18530128792595,630.0,2140.47,1.02,2.68,4.43
CC-SPD-1830_r0_011,CC-SPD-1830,0,1,35.284485057786235,-83.18511976296122,690.0,2140.17,0.88,1.68,4.56
CC-SPD-1830_r0_012,CC-SPD-1830,0,1,35.28455721131562,-83.18493823799648,750.0,2139.89,1.42,3.15,4.71
CC-SPD-1830_r0_013,CC-SPD-1830,0,1,35.28462936484502,-83.18475671303175,810.0,2139.83,1.96,2.42,4.82
CC-SPD-1830_r0_014,CC-SPD-1830,0,1,35.284701518374405,-83.184575188067,870.0,2139.29,1.52,2.87,4.9
CC-SPD-1830_r1_015,CC-SPD-1830,1,1,35.28249084204518,-83.18614938140536,30.0,2145.9,1.45,1.54,4.25
CC-SPD-1830_r1_016,CC-SPD-1830,1,1,35.282654934135536,-83.18616853021605,90.0,2145.48,1.97,2.75,4.31
CC-SPD-1830_r1_017,CC-SPD-1830,1,1,35.28281902622589,-83.18618767902676,150.0,2145.4,1.05,1.05,4.11
CC-TIL-705_r0_000,CC-TIL-705,0,1,35.281035605819355,-83.1913648723025,150.0,2167.17,1.76,2.15,5.09
CC-TIL-705_r0_001,CC-TIL-705,0,1,35.28137353235905,-83.19047729896823,450.0,2162.32,3.39,8.85,6.08
CC-TIL-705_r0_002,CC-TIL-705,0,0,35.282002093010334,-83.18982436330238,750.0,2158.38,1.67,9.04,4.88
CC-TIL-705_r0_003,CC-TIL-705,0,1,35.28199754089237,-83.18889968880013,1050.0,2155.75,1.53,2.53,4.96
CC-TIL-705_r0_004,CC-TIL-705,0,1,35.28239299179242,-83.1880307154809,1350.0,2153.21,1.31,2.29,3.18
CC-TIL-705_r1_005,CC-TIL-705,1,1,35.24545464672003,-83.235684322582,150.0,3342.28,4.32,8.32,6.39
CC-TIL-705_r1_006,CC-TIL-705,1,1,35.246226985715076,-83.23537298254192,450.0,3284.74,1.94,5.3,6.57
CC-TIL-705_r1_007,CC-TIL-705,1,1,35.247006885573086,-83.23510688340507,750.0,3233.14,2.84,7.47,7.02
CC-TIL-705_r1_008,CC-TIL-705,1,1,35.247500608069906,-83.23430874754453,1050.0,3188.2,2.14,2.51,5.79
CC-TIL-705_r1_009,CC-TIL-705,1,0,35.24805806488985,-83.23365215875918,1350.0,3147.63,2.68,12.9,6.83
CC-TIL-705_r1_010,CC-TIL-705,1,0,35.2484073249377,-83.23274774720011,1650.0,3105.42,1.12,4.11,4.89
CC-TIL-705_r1_011,CC-TIL-705,1,1,35.24903571483671,-83.23210706912018,1950.0,3071.31,1.74,3.44,5.93
CC-TIL-705_r1_012,CC-TIL-705,1,0,35.24962706325924,-83.23149042888828,2250.0,3034.5,0.49,9.73,5.38
CC-TIL-705_r1_013,CC-TIL-705,1,1,35.2500413220911,-83.23061773846165,2550.0,3004.17,3.31,11.1,6.53
CC-TIL-705_r1_014,CC-TIL-705,1,1,35.25056689302952,-83.22984357211115,2850.0,2974.37,2.3,6.29,5.6
CC-TIL-705_r1_015,CC-TIL-705,1,1,35.251113359856646,-83.22908790103664,3150.0,2932.52,2.16,5.82,6.23
CC-TIL-705_r1_016,CC-TIL-705,1,1,35.2515176170063,-83.22822002339011,3450.0,2894.28,3.32,6.18,7.17
CC-TIL-705_r1_017,CC-TIL-705,1,0,35.251853440848144,-83.22729815035443,3750.0,2860.41,0.04,6.26,2.1
CC-TIL-705_r1_018,CC-TIL-705,1,1,35.252347468923034,-83.22651917799426,4050.0,2825.34,3.31,8.17,5.07
CC-TIL-705_r1_019,CC-TIL-705,1,1,35.25293029958937,-83.22581171088035,4350.0,2798.93,2.34,4.78,5.27
CC-TIL-705_r1_020,CC-TIL-705,1,1,35.25330226463432,-83.22491946757799,4650.0,2769.28,2.67,4.09,6.18
CC-TIL-705_r1_021,CC-TIL-705,1,1,35.253922463675494,-83.22426007843015,4950.0,2743.14,2.65,2.9,6.66
CC-TIL-705_r1_022,CC-TIL-705,1,1,35.254668524277804,-83.22383110927852,5250.0,2718.96,1.9,5.07,4.81
CC-TIL-705_r1_023,CC-TIL-705,1,1,35.25530941919003,-83.22324704389602,5550.0,2700.42,1.59,4.33,5.25
CC-TIL-705_r1_024,CC-TIL-705,1,0,35.25553654110199,-83.22228189871159,5850.0,2676.06,1.57,7.36,6.2
CC-TIL-705_r1_025,CC-TIL-705,1,1,35.25550363578251,-83.22132314025002,6150.0,2658.55,3.52,8.14,5.94
CC-TIL-705_r1_026,CC-TIL-705,1,1,35.25527565606901,-83.22036008264563,6450.0,2640.94,2.93,3.95,5.77
CC-TIL-705_r1_027,CC-TIL-705,1,1,35.254965857438116,-83.2194480981484,6750.0,2619.07,3.73,5.46,5.34
CC-TIL-705_r1_028,CC-TIL-705,1,1,35.25533977049967,-83.21857237416557,7050.0,2600.03,1.69,3.24,4.91
CC-TIL-705_r1_029,CC-TIL-705,1,1,35.2559830371735,-83.21795355293852,7350.0,2577.36,4.41,12.26,4.97
CC-TIL-705_r1_030,CC-TIL-705,1,0,35.256616144613396,-83.21731161444511,7650.0,2551.65,1.93,10.52,5.18
CC-TIL-705_r1_031,CC-TIL-705,1,1,35.257216514540325,-83.21662002291393,7950.0,2527.86,10.75,11.4,4.97
CC-TIL-705_r1_032,CC-TIL-705,1,1,35.25781688446726,-83.21592843138275,8250.0,2506.14,2.98,8.28,5.21
CC-TIL-705_r1_033,CC-TIL-705,1,1,35.258432774708595,-83.2152578610584,8550.0,2490.9,1.62,3.16,5.15
CC-TIL-705_r1_034,CC-TIL-705,1,1,35.25905475617083,-83.21459554087714,8850.0,2475.29,4.4,12.97,5.2
CC-TIL-705_r1_035,CC-TIL-705,1,1,35.259700659755836,-83.21396942148836,9150.0,2460.54,2.52,3.09,5.94
CC-TIL-705_r1_036,CC-TIL-705,1,0,35.260340420237775,-83.21333402751833,9450.0,2447.68,1.94,17.19,3.94
CC-TIL-705_r1_037,CC-TIL-705,1,0,35.260961997482426,-83.21267113828974,9750.0,2434.0,1.62,14.78,4.55
CC-TIL-705_r1_038,CC-TIL-705,1,1,35.261583574727084,-83.21200824906113,10050.0,2420.19,2.96,9.26,5.59
CC-TIL-705_r1_039,CC-TIL-705,1,0,35.262205151971735,-83.21134535983253,10350.0,2409.0,2.65,9.48,4.83
CC-TIL-705_r1_040,CC-TIL-705,1,1,35.2628682633975,-83.2107462875481,10650.0,2398.25,1.95,2.26,6.35
CC-TIL-705_r1_041,CC-TIL-705,1,1,35.26343704239467,-83.21001817173871,10950.0,2386.16,2.52,3.29,5.85
CC-TIL-705_r1_042,CC-TIL-705,1,1,35.26383476483667,-83.20915538502038,11250.0,2375.2,2.22,3.04,5.38
CC-TIL-705_r1_043,CC-TIL-705,1,1,35.26412994585613,-83.20821483409736,11550.0,2365.0,2.14,6.06,5.16
CC-TIL-705_r1_044,CC-TIL-705,1,1,35.26450443965463,-83.20732778940446,11850.0,2355.49,1.9,2.99,4.72
CC-TIL-705_r1_045,CC-TIL-705,1,1,35.264687396652356,-83.20634685210122,12150.0,2347.05,1.83,6.37,5.09
CC-TIL-705_r1_046,CC-TIL-705,1,1,35.26489981623385,-83.20538099934072,12450.0,2337.37,2.61,4.79,5.14
CC-TIL-705_r1_047,CC-TIL-705,1,1,35.26539784500266,-83.2045793446298,12750.0,2328.63,2.51,7.07,4.43
CC-TIL-705_r1_048,CC-TIL-705,1,1,35.265728105863346,-83.20366616038211,13050.0,2317.17,3.05,10.42,5.86
CC-TIL-705_r1_049,CC-TIL-705,1,1,35.26610647873401,-83.20277207646532,13350.0,2306.95,4.24,12.74,5.54
CC-TIL-705_r1_050,CC-TIL-705,1,1,35.26650971827535,-83.20189167722047,13650.0,2298.13,2.94,3.74,6.08
CC-TIL-705_r1_051,CC-TIL-705,1,0,35.26679404012679,-83.20094599456178,13950.0,2290.04,1.81,18.72,5.21
CC-TIL-705_r1_052,CC-TIL-705,1,1,35.26706226350786,-83.19999147416746,14250.0,2281.55,2.15,6.75,5.28
CC-TIL-705_r1_053,CC-TIL-705,1,0,35.267383734078,-83.19906397157746,14550.0,2274.0,2.16,15.15,4.81
CC-TIL-705_r1_054,CC-TIL-705,1,0,35.26774519029352,-83.19815675783953,14850.0,2266.9,2.46,12.29,5.36
CC-TIL-705_r1_055,CC-TIL-705,1,1,35.26824060443356,-83.19738357521656,15150.0,2260.73,2.03,5.43,4.44
CC-TIL-705_r1_056,CC-TIL-705,1,1,35.268904775085886,-83.19681131358064,15450.0,2252.88,4.14,13.39,5.76
CC-TIL-705_r1_057,CC-TIL-705,1,1,35.26961097503507,-83.19645183704162,15750.0,2247.0,2.36,2.54,4.61
CC-TIL-705_r1_058,CC-TIL-705,1,1,35.27038357065651,-83.19615218285882,16050.0,2241.21,3.22,3.35,4.8
CC-TIL-705_r1_059,CC-TIL-705,1,1,35.27115567740313,-83.19584597549111,16350.0,2237.1,1.1,1.94,3.71
CC-TIL-705_r1_060,CC-TIL-705,1,1,35.271869470723715,-83.19620883377853,16650.0,2228.89,3.24,3.25,5.95
CC-TIL-705_r1_061,CC-TIL-705,1,1,35.27261808070032,-83.19591903406727,16950.0,2223.46,1.25,2.34,4.83
CC-TIL-705_r1_062,CC-TIL-705,1,1,35.273383544391706,-83.19558029660297,17250.0,2219.17,1.46,2.05,3.93
CC-TIL-705_r1_063,CC-TIL-705,1,1,35.27411531775753,-83.19511587205082,17550.0,2214.81,0.91,1.07,3.42
CC-TIL-705_r1_064,CC-TIL-705,1,1,35.274847091123355,-83.19465144749867,17850.0,2209.52,1.53,4.27,4.21
CC-TIL-705_r1_065,CC-TIL-705,1,0,35.275578864489184,-83.19418702294651,18150.0,2204.6,0.74,3.95,3.35
CC-TIL-705_r1_066,CC-TIL-705,1,1,35.276350569938884,-83.19392369285283,18450.0,2198.75,1.5,2.85,4.19
CC-TIL-705_r1_067,CC-TIL-705,1,1,35.27713622496692,-83.19388465388487,18750.0,2192.47,1.79,2.79,5.07
CC-TIL-705_r1_068,CC-TIL-705,1,1,35.277875104250796,-83.19344828113086,19050.0,2187.13,2.19,2.56,4.99
CC-TIL-705_r1_069,CC-TIL-705,1,1,35.27851817888813,-83.19283856777078,19350.0,2183.55,1.53,2.1,4.09
CC-TIL-705_r1_070,CC-TIL-705,1,1,35.27927778287766,-83.19244687580161,19650.0,2178.88,1.92,3.33,5.7
CC-TIL-705_r1_071,CC-TIL-705,1,1,35.28005516195389,-83.1921922086603,19950.0,2175.75,1.1,1.76,3.43
CC-TIL-705_r1_072,CC-TIL-705,1,1,35.28082494201938,-83.19194606147158,20250.0,2170.38,1.77,1.96,4.08
CC-TIL-705_r2_073,CC-TIL-705,2,1,35.28495238475836,-83.21455160117777,150.0,3009.3,10.23,11.06,6.29
CC-TIL-705_r2_074,CC-TIL-705,2,0,35.2845608834352,-83.21367896169033,450.0,2950.43,0.77,9.04,4.68
CC-TIL-705_r2_075,CC-TIL-705,2,0,35.28446226873487,-83.21268053072843,750.0,2888.76,1.08,6.03,5.88
CC-TIL-705_r2_076,CC-TIL-705,2,1,35.28439354954615,-83.21167457082294,1050.0,2837.3,5.23,6.91,4.78
CC-TIL-705_r2_077,CC-TIL-705,2,1,35.28436748913695,-83.21067078511645,1350.0,2772.54,4.84,5.13,6.0
CC-TIL-705_r2_078,CC-TIL-705,2,1,35.284335501274384,-83.20968067030229,1650.0,2704.02,3.6,7.49,6.79
CC-TIL-705_r2_079,CC-TIL-705,2,1,35.28426024599757,-83.20868305892999,1950.0,2649.92,2.28,2.29,6.92
CC-TIL-705_r2_080,CC-TIL-705,2,1,35.28412756573481,-83.20770868954449,2250.0,2607.83,6.75,8.14,7.08
CC-TIL-705_r2_081,CC-TIL-705,2,1,35.28403072720461,-83.20671507113302,2550.0,2561.95,2.45,2.76,6.98
CC-TIL-705_r2_082,CC-TIL-705,2,1,35.28398594915621,-83.20570708711732,2850.0,2520.96,3.09,5.8,5.93
CC-TIL-705_r2_083,CC-TIL-705,2,1,35.283941171107806,-83.20469910310162,3150.0,2479.23,1.39,2.19,6.39
CC-TIL-705_r2_084,CC-TIL-705,2,1,35.283692756535835,-83.20375037422164,3450.0,2443.56,1.95,5.61,5.15
CC-TIL-705_r2_085,CC-TIL-705,2,1,35.28330821238288,-83.20285751489718,3750.0,2410.75,0.97,1.86,5.24
CC-TIL-705_r2_086,CC-TIL-705,2,1,35.28305746203811,-83.2019064253795,4050.0,2381.55,1.73,1.78,4.42
CC-TIL-705_r2_087,CC-TIL-705,2,1,35.283041134187776,-83.20090884299235,4350.0,2354.95,2.25,5.23,3.79
CC-TIL-705_r2_088,CC-TIL-705,2,1,35.283204644718055,-83.19992186538028,4650.0,2328.86,1.43,2.67,5.71
CC-TIL-705_r2_089,CC-TIL-705,2,1,35.283286126895376,-83.19891733593535,4950.0,2305.5,1.92,2.66,5.2
CC-TIL-705_r2_090,CC-TIL-705,2,1,35.2834480916814,-83.19796590991585,5250.0,2285.22,1.85,3.52,6.02
CC-TIL-705_r2_091,CC-TIL-705,2,1,35.28317082320184,-83.19702359330354,5550.0,2265.56,1.48,2.18,4.52
CC-TIL-705_r2_092,CC-TIL-705,2,1,35.28321915154585,-83.19603284214902,5850.0,2246.74,1.89,1.9,5.77
CC-TIL-705_r2_093,CC-TIL-705,2,0,35.28284469841835,-83.19513357135789,6150.0,2232.74,0.05,0.49,2.97
CC-TIL-705_r2_094,CC-TIL-705,2,0,35.282429290546624,-83.19426616598922,6450.0,2215.21,0.3,5.04,2.27
CC-TIL-705_r2_095,CC-TIL-705,2,0,35.28193865270936,-83.19345609199553,6750.0,2198.42,0.35,0.37,2.93
CC-TIL-705_r2_096,CC-TIL-705,2,1,35.28144940033084,-83.19265080094065,7050.0,2182.07,1.97,2.11,3.99
CC-MS-1100_r0_000,CC-MS-1100,0,1,35.25686258483404,-83.1814871106611,150.0,2238.11,2.0,2.82,4.42
CC-MS-1100_r0_001,CC-MS-1100,0,1,35.257647243018226,-83.1817033871746,450.0,2233.63,3.12,3.3,4.88
CC-MS-1100_r0_002,CC-MS-1100,0,0,35.258316348223175,-83.18227107976602,750.0,2231.52,1.13,4.0,4.43
CC-MS-1100_r0_003,CC-MS-1100,0,1,35.25914032014595,-83.18229353325694,1050.0,2228.1,2.85,6.06,5.69
CC-MS-1100_r0_004,CC-MS-1100,0,1,35.25967667607761,-83.18287925788026,1350.0,2226.11,2.96,3.48,5.47
CC-MS-1100_r0_005,CC-MS-1100,0,1,35.26042070934033,-83.18263638749839,1650.0,2222.87,2.44,2.47,5.37
CC-MS-1100_r0_006,CC-MS-1100,0,1,35.261147926953,-83.18253270296192,1950.0,2219.39,2.94,3.17,4.41
CC-MS-1100_r0_007,CC-MS-1100,0,1,35.26188431152518,-83.18259639401886,2250.0,2216.17,2.79,4.3,5.25
CC-MS-1100_r0_008,CC-MS-1100,0,1,35.26254287357842,-83.1821124850567,2550.0,2212.77,2.12,5.43,4.67
CC-MS-1100_r0_009,CC-MS-1100,0,1,35.26335448799058,-83.18219772178514,2850.0,2209.56,2.02,3.87,3.76
CC-MS-1100_r0_010,CC-MS-1100,0,0,35.26416890194372,-83.18209875128207,3150.0,2207.19,0.9,9.39,4.35
CC-MS-1100_r0_011,CC-MS-1100,0,1,35.26494383773664,-83.18222431134613,3450.0,2204.63,1.4,1.61,4.64
CC-MS-1100_r0_012,CC-MS-1100,0,1,35.26565116336128,-83.18274245375265,3750.0,2201.3,1.44,3.15,5.33
CC-MS-1100_r0_013,CC-MS-1100,0,1,35.266415729398894,-83.18272774797174,4050.0,2198.24,2.03,3.44,4.26
CC-MS-1100_r0_014,CC-MS-1100,0,1,35.26722983326735,-83.1828850834377,4350.0,2194.7,3.11,4.11,4.37
CC-MS-1100_r0_015,CC-MS-1100,0,1,35.268005387555384,-83.18277685173828,4650.0,2193.4,1.99,2.48,2.75
CC-MS-1100_r0_016,CC-MS-1100,0,1,35.26863545783406,-83.18253372160152,4950.0,2189.9,2.16,2.24,5.05
CC-MS-1100_r0_017,CC-MS-1100,0,1,35.26920879524075,-83.1820885439544,5250.0,2187.5,1.49,1.64,3.42
CC-MS-1100_r0_018,CC-MS-1100,0,1,35.270018934092676,-83.1821367469462,5550.0,2184.35,2.15,2.3,4.56
CC-MS-1100_r0_019,CC-MS-1100,0,1,35.27083614005395,-83.1820851782447,5850.0,2181.26,1.58,2.16,4.82
CC-MS-1100_r0_020,CC-MS-1100,0,1,35.27163076465468,-83.18206919521822,6150.0,2178.21,2.53,3.57,4.81
CC-MS-1100_r0_021,CC-MS-1100,0,1,35.27236309457469,-83.18250913830889,6450.0,2175.81,3.61,3.97,6.56
CC-MS-1100_r0_022,CC-MS-1100,0,1,35.27316582982557,-83.18272164268136,6750.0,2174.48,1.42,1.42,10.85
CC-MS-1100_r0_023,CC-MS-1100,0,0,35.27388964357352,-83.18233773037302,7050.0,2171.67,1.77,6.29,4.77
CC-MS-1100_r0_024,CC-MS-1100,0,1,35.27467253506042,-83.18258815032422,7350.0,2168.85,3.19,5.07,4.84
CC-MS-1100_r0_025,CC-MS-1100,0,1,35.275451998979804,-83.18283140881543,7650.0,2165.24,2.0,3.37,5.12
CC-MS-1100_r0_026,CC-MS-1100,0,0,35.27627565463095,-83.18285759679333,7950.0,2163.27,0.37,2.83,3.55
CC-MS-1100_r0_027,CC-MS-1100,0,1,35.27705871261184,-83.18306142304138,8250.0,2160.98,1.36,1.81,5.35
CC-MS-1100_r0_028,CC-MS-1100,0,1,35.277573784645284,-83.18377667754139,8550.0,2159.03,1.46,2.04,4.12
CC-MS-1100_r0_029,CC-MS-1100,0,1,35.278308272894975,-83.1842346275852,8850.0,2155.53,2.76,2.88,4.95
CC-MS-1100_r0_030,CC-MS-1100,0,1,35.27906897768628,-83.18457536277799,9150.0,2154.94,1.65,3.52,4.47
CC-MS-1100_r0_031,CC-MS-1100,0,1,35.27982707364159,-83.18496442779674,9450.0,2152.04,2.68,2.79,4.42
CC-MS-1100_r0_032,CC-MS-1100,0,1,35.28058611173436,-83.18534767026054,9750.0,2151.62,1.16,1.82,3.57
CC-MS-1100_r0_033,CC-MS-1100,0,1,35.281332275329476,-83.18576500577647,10050.0,2149.22,1.32,1.66,3.56
CC-MS-1100_r1_034,CC-MS-1100,1,1,35.256214238117124,-83.16356872981297,150.0,3499.58,1.97,3.27,6.01
CC-MS-1100_r1_035,CC-MS-1100,1,1,35.25581194584841,-83.1644311255887,450.0,3430.8,3.69,5.36,7.35
CC-MS-1100_r1_036,CC-MS-1100,1,1,35.25555489300223,-83.16538530954554,750.0,3334.22,3.26,8.33,7.78
CC-MS-1100_r1_037,CC-MS-1100,1,1,35.25548850698755,-83.16639150447342,1050.0,3239.22,3.9,4.86,7.41
CC-MS-1100_r1_038,CC-MS-1100,1,1,35.25539572114624,-83.1673854028163,1350.0,3107.2,3.91,4.44,8.19
CC-MS-1100_r1_039,CC-MS-1100,1,1,35.25491792826196,-83.1682039227095,1650.0,3021.88,3.0,6.91,6.9
CC-MS-1100_r1_040,CC-MS-1100,1,1,35.25460464993816,-83.16913420612774,1950.0,2950.45,2.68,4.95,7.17
CC-MS-1100_r1_041,CC-MS-1100,1,1,35.25411610520451,-83.16994525745665,2250.0,2856.52,1.28,4.04,5.75
CC-MS-1100_r1_042,CC-MS-1100,1,0,35.25376973596672,-83.17086031870714,2550.0,2809.43,2.34,10.56,6.37
CC-MS-1100_r1_043,CC-MS-1100,1,1,35.253585897532474,-83.17184436033568,2850.0,2760.31,5.3,6.84,9.59
CC-MS-1100_r1_044,CC-MS-1100,1,1,35.25319911905978,-83.17272486019957,3150.0,2656.38,4.84,8.84,8.1
CC-MS-1100_r1_045,CC-MS-1100,1,1,35.25274908889392,-83.17354261519058,3450.0,2552.06,3.4,7.59,9.24
CC-MS-1100_r1_046,CC-MS-1100,1,1,35.252572855366644,-83.17452874194016,3750.0,2486.4,4.27,7.31,6.85
CC-MS-1100_r1_047,CC-MS-1100,1,1,35.25268066650457,-83.17552548356265,4050.0,2439.9,1.28,2.02,5.8
CC-MS-1100_r1_048,CC-MS-1100,1,1,35.253061750143104,-83.17638959040804,4350.0,2407.78,1.26,2.71,6.46
CC-MS-1100_r1_049,CC-MS-1100,1,1,35.253488141997096,-83.17724648211333,4650.0,2368.03,2.17,2.37,6.71
CC-MS-1100_r1_050,CC-MS-1100,1,0,35.25383689534549,-83.17816112476876,4950.0,2337.59,0.42,1.71,5.18
CC-MS-1100_r1_051,CC-MS-1100,1,1,35.25430301190216,-83.17898703848792,5250.0,2307.24,1.54,1.66,3.82
CC-MS-1100_r1_052,CC-MS-1100,1,1,35.2548645033177,-83.1797222549084,5550.0,2279.7,0.71,1.35,4.33
CC-MS-1100_r1_053,CC-MS-1100,1,0,35.25546567712454,-83.18041279802799,5850.0,2263.25,0.2,2.11,4.34
CC-MS-1100_r1_054,CC-MS-1100,1,1,35.25606685093138,-83.18110334114759,6150.0,2249.95,1.06,1.19,3.39
CC-MS-1100_r2_055,CC-MS-1100,2,1,35.247371169413626,-83.18632010584015,150.0,2305.88,2.34,4.86,5.63
CC-MS-1100_r2_056,CC-MS-1100,2,0,35.248138261244364,-83.18607089864801,450.0,2300.4,1.74,7.32,4.99
CC-MS-1100_r2_057,CC-MS-1100,2,1,35.24890052022727,-83.18571211069568,750.0,2292.27,2.37,2.72,4.96
CC-MS-1100_r2_058,CC-MS-1100,2,0,35.2497071210992,-83.18550475306213,1050.0,2288.12,0.13,1.84,2.6
CC-MS-1100_r2_059,CC-MS-1100,2,1,35.25034735230936,-83.1848822613241,1350.0,2279.84,2.18,2.29,3.81
CC-MS-1100_r2_060,CC-MS-1100,2,1,35.251023794374234,-83.18434762365705,1650.0,2272.64,2.75,3.49,4.58
CC-MS-1100_r2_061,CC-MS-1100,2,1,35.25159327636313,-83.18370380960026,1950.0,2267.66,1.18,2.39,4.39
CC-MS-1100_r2_062,CC-MS-1100,2,1,35.25234657157831,-83.18332715244165,2250.0,2262.36,2.53,2.81,4.83
CC-MS-1100_r2_063,CC-MS-1100,2,1,35.253144789021945,-83.18326672870022,2550.0,2258.4,1.35,1.73,4.31
CC-MS-1100_r2_064,CC-MS-1100,2,1,35.25395025518124,-83.18305285626751,2850.0,2254.12,2.3,3.67,4.58
CC-MS-1100_r2_065,CC-MS-1100,2,1,35.25475572134052,-83.18283898383478,3150.0,2249.54,2.45,2.87,4.67
CC-MS-1100_r2_066,CC-MS-1100,2,1,35.255541452084216,-83.18254419332625,3450.0,2246.59,0.61,1.46,3.5
CC-MS-1100_r2_067,CC-MS-1100,2,0,35.25618031945027,-83.18195132321249,3750.0,2244.21,0.05,0.05,2.57
CC-MS-1100_r3_068,CC-MS-1100,3,0,35.24414689160029,-83.18717600207869,150.0,2358.13,0.46,5.81,4.49
CC-MS-1100_r3_069,CC-MS-1100,3,1,35.244899908808485,-83.18677193501225,450.0,2345.96,1.61,4.46,5.96
CC-MS-1100_r3_070,CC-MS-1100,3,0,35.24570600399792,-83.18662321160207,750.0,2334.85,2.28,12.93,4.77
CC-MS-1100_r3_071,CC-MS-1100,3,1,35.24651827720083,-83.18645825947765,1050.0,2319.14,7.25,13.25,6.25
CC-MS-1100_r4_072,CC-MS-1100,4,1,35.23816709476377,-83.17218964948769,150.0,3244.26,0.85,2.24,3.3
CC-MS-1100_r4_073,CC-MS-1100,4,1,35.23883449229131,-83.17278194846307,450.0,3192.34,3.26,9.49,6.03
CC-MS-1100_r4_074,CC-MS-1100,4,0,35.239612407521406,-83.17311426172947,750.0,3150.47,0.4,1.11,3.73
CC-MS-1100_r4_075,CC-MS-1100,4,1,35.24037116076987,-83.173504079856,1050.0,3112.44,2.64,5.59,5.6
CC-MS-1100_r4_076,CC-MS-1100,4,0,35.241049474329174,-83.17406483191253,1350.0,3072.86,0.04,0.46,5.94
CC-MS-1100_r4_077,CC-MS-1100,4,1,35.24168428607851,-83.17470863090749,1650.0,3046.82,0.9,2.59,4.12
CC-MS-1100_r4_078,CC-MS-1100,4,0,35.24231724232845,-83.17535493096523,1950.0,3019.17,1.12,5.41,4.62
CC-MS-1100_r4_079,CC-MS-1100,4,0,35.242901069288,-83.17606745332388,2250.0,2995.87,0.56,4.54,5.44
CC-MS-1100_r4_080,CC-MS-1100,4,1,35.24362490644537,-83.17653493991689,2550.0,2974.37,1.51,2.75,5.54
CC-MS-1100_r4_081,CC-MS-1100,4,1,35.244388888633985,-83.17690439406213,2850.0,2934.66,2.15,6.4,6.31
CC-MS-1100_r4_082,CC-MS-1100,4,1,35.24511667826729,-83.17732698129647,3150.0,2908.51,2.83,7.56,6.87
CC-MS-1100_r4_083,CC-MS-1100,4,1,35.24536344993829,-83.17827911968276,3450.0,2838.26,3.33,6.01,7.99
CC-MS-1100_r4_084,CC-MS-1100,4,1,35.24558422339466,-83.1792517029945,3750.0,2725.49,4.7,5.93,7.09
CC-MS-1100_r4_085,CC-MS-1100,4,1,35.245804996851035,-83.18022428630626,4050.0,2633.45,4.19,9.69,6.71
CC-MS-1100_r4_086,CC-MS-1100,4,0,35.246025770307405,-83.18119686961799,4350.0,2576.52,0.41,8.25,6.47
CC-MS-1100_r4_087,CC-MS-1100,4,1,35.246246543763775,-83.18216945292974,4650.0,2532.12,0.67,1.67,4.16
CC-MS-1100_r4_088,CC-MS-1100,4,1,35.24639371934633,-83.18316257684458,4950.0,2495.3,4.56,5.96,6.76
CC-MS-1100_r4_089,CC-MS-1100,4,0,35.24656471189088,-83.18414927736514,5250.0,2422.06,2.62,20.96,6.56
CC-MS-1100_r4_090,CC-MS-1100,4,1,35.246774827675935,-83.18512539603938,5550.0,2348.63,6.62,7.64,6.4
CC-MS-1100_r4_091,CC-MS-1100,4,0,35.24694833774218,-83.18610865979689,5850.0,2313.16,0.0,0.0,4.74
CC-MS-1100_r5_092,CC-MS-1100,5,1,35.2358565818119,-83.18617835795,150.0,2595.61,4.5,11.05,7.55
CC-MS-1100_r5_093,CC-MS-1100,5,1,35.236680757435714,-83.18617906185,450.0,2582.13,5.27,5.86,7.22
CC-MS-1100_r5_094,CC-MS-1100,5,1,35.23743866605984,-83.18579417506702,750.0,2571.92,3.48,4.74,6.31
CC-MS-1100_r5_095,CC-MS-1100,5,1,35.2382521623193,-83.18571204372026,1050.0,2551.73,3.37,9.21,6.03
CC-MS-1100_r5_096,CC-MS-1100,5,0,35.23905410502035,-83.18587418339908,1350.0,2521.03,1.13,11.53,4.84
CC-MS-1100_r5_097,CC-MS-1100,5,1,35.239875566537755,-83.18583973510856,1650.0,2495.43,5.19,13.07,6.31
CC-MS-1100_r5_098,CC-MS-1100,5,1,35.240685063105744,-83.18565006005625,1950.0,2459.59,1.8,3.36,4.81
CC-MS-1100_r5_099,CC-MS-1100,5,0,35.241502965650454,-83.18556945460882,2250.0,2441.4,1.56,8.8,5.22
CC-MS-1100_r5_100,CC-MS-1100,5,0,35.24226317857102,-83.18581211793736,2550.0,2413.71,0.62,5.32,4.99
CC-MS-1100_r5_101,CC-MS-1100,5,1,35.242960132404676,-83.18633572583808,2850.0,2386.6,3.94,13.61,4.98
CC-MS-1100_r5_102,CC-MS-1100,5,1,35.24353666751619,-83.18705710066801,3150.0,2371.26,1.7,2.08,5.11
CC-MS-1100_r6_103,CC-MS-1100,6,1,35.2472550593739,-83.20460932846817,150.0,3401.87,1.77,4.06,6.24
CC-MS-1100_r6_104,CC-MS-1100,6,1,35.246968033919885,-83.20367298456048,450.0,3374.17,3.23,7.24,5.24
CC-MS-1100_r6_105,CC-MS-1100,6,0,35.24661398802426,-83.20276139747352,750.0,3347.66,1.66,11.01,4.11
CC-MS-1100_r6_106,CC-MS-1100,6,1,35.246330543385454,-83.20181395033013,1050.0,3329.93,1.75,1.83,5.22
CC-MS-1100_r6_107,CC-MS-1100,6,1,35.24601241464551,-83.20088383888796,1350.0,3311.49,0.86,1.14,4.81
CC-MS-1100_r6_108,CC-MS-1100,6,0,35.24566541072405,-83.19996819856296,1650.0,3293.39,0.8,11.35,4.62
CC-MS-1100_r6_109,CC-MS-1100,6,1,35.245231669070954,-83.19911033405609,1950.0,3277.87,2.29,3.34,5.62
CC-MS-1100_r6_110,CC-MS-1100,6,1,35.24481058659393,-83.1982435052869,2250.0,3264.15,1.14,1.41,4.89
CC-MS-1100_r6_111,CC-MS-1100,6,1,35.24443600426063,-83.19734431522573,2550.0,3251.05,0.89,2.28,4.73
CC-MS-1100_r6_112,CC-MS-1100,6,1,35.24398979934807,-83.1965018444321,2850.0,3239.27,1.44,2.07,4.39
CC-MS-1100_r6_113,CC-MS-1100,6,0,35.2435997174992,-83.19561731783391,3150.0,3203.4,0.8,15.83,4.93
CC-MS-1100_r6_114,CC-MS-1100,6,1,35.24361251637024,-83.19461139734476,3450.0,3090.58,2.99,4.46,7.36
CC-MS-1100_r6_115,CC-MS-1100,6,1,35.24362419371176,-83.19360398508272,3750.0,2992.98,9.81,11.12,5.33
CC-MS-1100_r6_116,CC-MS-1100,6,1,35.243447056550266,-83.19261914102225,4050.0,2805.2,9.52,11.52,7.48
CC-MS-1100_r6_117,CC-MS-1100,6,1,35.24338252369899,-83.19161276524532,4350.0,2683.06,2.89,9.56,6.07
CC-MS-1100_r6_118,CC-MS-1100,6,1,35.24331799084771,-83.19060638946841,4650.0,2620.41,2.15,5.87,5.69
CC-MS-1100_r6_119,CC-MS-1100,6,1,35.243253457996424,-83.1896000136915,4950.0,2541.38,3.64,7.73,7.28
CC-MS-1100_r6_120,CC-MS-1100,6,1,35.24335522251323,-83.18860135558756,5250.0,2447.77,6.61,8.21,8.52
CC-MS-1100_r6_121,CC-MS-1100,6,1,35.243681797187435,-83.18767451087614,5550.0,2376.59,2.69,4.55,6.99
CC-UP-503_r1_000,CC-UP-503,1,1,35.21618264329852,-83.18404043461629,150.0,3800.21,3.62,8.95,5.98
CC-UP-503_r1_001,CC-UP-503,1,1,35.21685988479378,-83.18460856643124,450.0,3672.52,6.69,7.56,5.27
CC-UP-503_r1_002,CC-UP-503,1,0,35.217667306301166,-83.18461479894903,750.0,3594.52,0.69,2.64,4.32
CC-UP-503_r1_003,CC-UP-503,1,0,35.21837882318007,-83.18412238508407,1050.0,3556.26,0.71,2.88,3.91
CC-UP-503_r1_004,CC-UP-503,1,0,35.218999288761225,-83.18346196402237,1350.0,3525.64,1.2,6.1,3.05
CC-UP-503_r1_005,CC-UP-503,1,1,35.21959601056464,-83.18276565197952,1650.0,3488.66,2.51,4.59,5.0
CC-UP-503_r1_006,CC-UP-503,1,0,35.22019273236807,-83.18206933993669,1950.0,3443.21,0.86,5.04,4.35
CC-UP-503_r1_007,CC-UP-503,1,1,35.22087496654576,-83.18150928960026,2250.0,3415.35,0.97,2.11,4.6
CC-UP-503_r1_008,CC-UP-503,1,0,35.221651314270034,-83.18117244980321,2550.0,3393.09,0.6,2.38,3.5
CC-UP-503_r1_009,CC-UP-503,1,1,35.22247541666806,-83.18118592441733,2850.0,3379.01,0.75,0.95,3.85
CC-UP-503_r1_010,CC-UP-503,1,1,35.22329951906609,-83.18119939903147,3150.0,3364.7,1.39,2.69,3.73
CC-UP-503_r1_011,CC-UP-503,1,0,35.22410898122282,-83.1813757313509,3450.0,3348.2,1.12,7.57,4.3
CC-UP-503_r1_012,CC-UP-503,1,0,35.22488399822883,-83.18170439641204,3750.0,3287.12,0.79,5.22,4.04
CC-UP-503_r1_013,CC-UP-503,1,1,35.22567013335057,-83.18192879986668,4050.0,3240.94,1.67,4.71,4.55
CC-UP-503_r1_014,CC-UP-503,1,1,35.2264824921448,-83.1818178915137,4350.0,3168.46,2.66,7.33,3.55
CC-UP-503_r1_015,CC-UP-503,1,0,35.22729616867137,-83.18190415320045,4650.0,3100.27,1.99,11.18,3.84
CC-UP-503_r1_016,CC-UP-503,1,0,35.22810255999597,-83.18180672219255,4950.0,3064.29,0.53,3.07,3.16
CC-UP-503_r1_017,CC-UP-503,1,1,35.22887855037462,-83.18149863249273,5250.0,3037.98,1.27,4.08,3.4
CC-UP-503_r1_018,CC-UP-503,1,0,35.22960122863386,-83.18191196513311,5550.0,3018.8,0.64,5.28,3.44
CC-UP-503_r1_019,CC-UP-503,1,1,35.23026109362516,-83.18246377552428,5850.0,3006.16,1.28,1.28,3.55
CC-UP-503_r1_020,CC-UP-503,1,1,35.23049845708639,-83.18341763545246,6150.0,2990.34,2.22,3.77,4.61
CC-UP-503_r1_021,CC-UP-503,1,0,35.23094210222731,-83.18426242363816,6450.0,2962.45,0.83,4.91,4.12
CC-UP-503_r1_022,CC-UP-503,1,1,35.2312497140959,-83.18518563055075,6750.0,2947.77,1.97,2.14,5.0
CC-UP-503_r1_023,CC-UP-503,1,0,35.23159496899891,-83.18609934845766,7050.0,2844.38,0.2,0.39,4.4
CC-UP-503_r1_024,CC-UP-503,1,1,35.23196915750529,-83.18699878447903,7350.0,2710.42,3.48,4.49,4.47
CC-UP-503_r2_025,CC-UP-503,2,0,35.2307465103284,-83.19146502588715,150.0,2913.67,0.0,9.16,3.57
CC-UP-503_r2_026,CC-UP-503,2,0,35.23086801637538,-83.19050813476908,450.0,2810.0,0.34,3.44,3.45
CC-UP-503_r2_027,CC-UP-503,2,0,35.23151244400207,-83.18989519228016,750.0,2781.36,0.26,0.26,6.32
CC-UP-503_r2_028,CC-UP-503,2,1,35.232186673661914,-83.18931461764217,1050.0,2764.14,2.49,4.98,2.75
CC-UP-503_r2_029,CC-UP-503,2,0,35.232567929691214,-83.18849313254026,1350.0,2700.63,2.23,14.85,4.6
CC-UP-503_r2_030,CC-UP-503,2,1,35.23259978685554,-83.18748441192795,1650.0,2670.86,3.24,3.77,3.53
CC-UP-503_r3_031,CC-UP-503,3,1,35.224456018186004,-83.20014623523745,150.0,3071.93,6.14,9.47,4.39
CC-UP-503_r3_032,CC-UP-503,3,1,35.22503244549753,-83.19942688147154,450.0,3059.18,2.12,4.48,3.75
CC-UP-503_r3_033,CC-UP-503,3,1,35.225363050478286,-83.19853732470504,750.0,3045.55,0.96,1.53,3.36
CC-UP-503_r3_034,CC-UP-503,3,1,35.225363773511255,-83.19752785008,1050.0,3033.67,0.6,1.87,2.64
CC-UP-503_r3_035,CC-UP-503,3,1,35.225563777872345,-83.19657469344918,1350.0,3020.63,1.37,4.64,3.19
CC-UP-503_r3_036,CC-UP-503,3,1,35.2259183770936,-83.19569848208369,1650.0,3009.42,1.98,5.51,2.83
CC-UP-503_r3_037,CC-UP-503,3,1,35.22648049925394,-83.19505931779615,1950.0,2997.33,1.97,3.12,3.75
CC-UP-503_r3_038,CC-UP-503,3,1,35.226770494635,-83.19412958402243,2250.0,2987.66,1.55,2.09,4.39
CC-UP-503_r3_039,CC-UP-503,3,1,35.22749529505881,-83.19366758557487,2550.0,2980.36,1.33,1.6,3.84
CC-UP-503_r3_040,CC-UP-503,3,0,35.2280647284115,-83.19297454764454,2850.0,2972.38,0.51,5.26,2.7
CC-UP-503_r3_041,CC-UP-503,3,1,35.22881191209128,-83.19259195258492,3150.0,2963.42,1.92,5.8,4.49
CC-UP-503_r3_042,CC-UP-503,3,1,35.22963467546584,-83.19264336930169,3450.0,2936.64,3.33,5.68,3.94
CC-UP-503_r3_043,CC-UP-503,3,1,35.23038196826891,-83.19223020223568,3750.0,2925.13,3.53,4.68,4.07
CC-UP-503_r4_044,CC-UP-503,4,1,35.242866354842484,-83.21288749371024,150.0,3585.79,1.06,3.65,3.9
CC-UP-503_r4_045,CC-UP-503,4,1,35.24204366652746,-83.21282687113072,450.0,3571.56,7.29,7.29,3.75
CC-UP-503_r4_046,CC-UP-503,4,1,35.241221809396365,-83.21279682716394,750.0,3556.21,3.37,3.74,4.13
CC-UP-503_r4_047,CC-UP-503,4,1,35.240404234875996,-83.2129243371273,1050.0,3543.52,2.83,3.99,2.37
CC-UP-503_r4_048,CC-UP-503,4,0,35.23958384714434,-83.21299707004995,1350.0,3531.65,0.61,3.28,2.7
CC-UP-503_r4_049,CC-UP-503,4,1,35.23877410878604,-83.21288717667254,1650.0,3518.26,2.45,7.84,3.91
CC-UP-503_r4_050,CC-UP-503,4,0,35.2381035105776,-83.21231977761595,1950.0,3497.6,2.46,9.85,3.38
CC-UP-503_r4_051,CC-UP-503,4,1,35.23738041851107,-83.21183538317754,2250.0,3477.83,2.89,3.46,4.49
CC-UP-503_r4_052,CC-UP-503,4,0,35.236657326444536,-83.21135098873914,2550.0,3464.93,2.39,9.59,5.05
CC-UP-503_r4_053,CC-UP-503,4,1,35.236009689661095,-83.2107837574074,2850.0,3378.37,6.89,10.62,4.53
CC-UP-503_r4_054,CC-UP-503,4,1,35.235848843418786,-83.20980283088244,3150.0,3286.14,2.04,6.93,3.91
CC-UP-503_r4_055,CC-UP-503,4,1,35.23582120944293,-83.20879422733874,3450.0,3204.84,6.13,14.6,3.39
CC-UP-503_r4_056,CC-UP-503,4,0,35.235800390167455,-83.20778507445166,3750.0,3172.11,1.22,5.08,3.12
CC-UP-503_r4_057,CC-UP-503,4,0,35.23577957089198,-83.20677592156459,4050.0,3145.22,1.28,8.2,2.77
CC-UP-503_r4_058,CC-UP-503,4,1,35.235567012579025,-83.20581219376574,4350.0,3123.18,1.96,2.1,3.23
CC-UP-503_r4_059,CC-UP-503,4,1,35.23536952440833,-83.20484026399875,4650.0,3105.46,1.06,2.24,3.03
CC-UP-503_r4_060,CC-UP-503,4,1,35.23528296765818,-83.20383637150455,4950.0,3089.56,1.89,2.47,3.04
CC-UP-503_r4_061,CC-UP-503,4,1,35.23510477853786,-83.20285495179084,5250.0,3075.27,0.87,1.36,3.06
CC-UP-503_r4_062,CC-UP-503,4,0,35.234846716097,-83.20189750880738,5550.0,3062.43,0.23,1.44,2.3
CC-UP-503_r4_063,CC-UP-503,4,0,35.23452445236654,-83.20096840313039,5850.0,3049.62,1.35,9.01,3.51
CC-UP-503_r4_064,CC-UP-503,4,1,35.234311843687735,-83.2000036237854,6150.0,3038.13,2.05,5.01,2.45
CC-UP-503_r4_065,CC-UP-503,4,1,35.234215227530754,-83.19900110902697,6450.0,3024.94,1.23,1.96,3.13
CC-UP-503_r4_066,CC-UP-503,4,0,35.23402943126735,-83.19802878154192,6750.0,3012.69,0.69,4.97,2.57
CC-UP-503_r4_067,CC-UP-503,4,1,35.233711090924224,-83.19709884601752,7050.0,2994.04,4.17,7.49,3.92
CC-UP-503_r4_068,CC-UP-503,4,1,35.23346073815833,-83.19613707056526,7350.0,2978.8,0.55,1.53,2.65
CC-UP-503_r4_069,CC-UP-503,4,0,35.23321038539243,-83.19517529511297,7650.0,2966.6,0.22,0.22,4.97
CC-UP-503_r4_070,CC-UP-503,4,0,35.232845479321085,-83.19427676169987,7950.0,2957.39,0.05,0.05,2.99
CC-UP-503_r4_071,CC-UP-503,4,0,35.232363708826256,-83.19346964216054,8250.0,2947.04,0.36,3.62,2.72
CC-UP-503_r4_072,CC-UP-503,4,0,35.23175162254269,-83.19279363362458,8550.0,2931.73,7.14,18.16,3.7
CC-UP-503_r4_073,CC-UP-503,4,1,35.231139536259114,-83.19211762508861,8850.0,2921.16,1.3,3.01,3.5
CC-UP-503_r5_074,CC-UP-503,5,1,35.210288101037406,-83.20672113602875,150.0,3877.05,2.05,5.34,3.62
CC-UP-503_r5_075,CC-UP-503,5,0,35.21107518618971,-83.20645752131956,450.0,3831.02,1.42,6.12,3.8
CC-UP-503_r5_076,CC-UP-503,5,0,35.21182137352939,-83.20602888300071,750.0,3796.61,0.7,13.87,2.67
CC-UP-503_r5_077,CC-UP-503,5,1,35.21256756086907,-83.20560024468186,1050.0,3757.03,1.26,2.77,4.01
CC-UP-503_r5_078,CC-UP-503,5,1,35.2131550783436,-83.20493567045422,1350.0,3719.85,1.35,2.72,4.08
CC-UP-503_r5_079,CC-UP-503,5,1,35.21364147928696,-83.20412073988355,1650.0,3674.03,5.98,6.73,3.87
CC-UP-503_r5_080,CC-UP-503,5,1,35.21402597765146,-83.20323956072387,1950.0,3557.93,1.19,2.54,3.63
CC-UP-503_r5_081,CC-UP-503,5,1,35.21430445669284,-83.2022894566102,2250.0,3519.49,1.32,1.51,4.05
CC-UP-503_r5_082,CC-UP-503,5,1,35.21462653200103,-83.20136374331324,2550.0,3483.47,5.22,6.1,4.89
CC-UP-503_r5_083,CC-UP-503,5,1,35.215030510375065,-83.20048385234956,2850.0,3450.95,1.45,2.11,2.6
CC-UP-503_r5_084,CC-UP-503,5,0,35.21559091385492,-83.19974423453398,3150.0,3426.36,0.2,1.29,3.39
CC-UP-503_r5_085,CC-UP-503,5,1,35.2162775190413,-83.19921354189847,3450.0,3402.44,2.63,8.67,3.34
CC-UP-503_r5_086,CC-UP-503,5,0,35.21708058795884,-83.19907787129604,3750.0,3375.86,0.15,3.48,3.97
CC-UP-503_r5_087,CC-UP-503,5,1,35.21783550888198,-83.19868868201173,4050.0,3345.11,7.58,11.17,3.55
CC-UP-503_r5_088,CC-UP-503,5,1,35.21865611701731,-83.1986330771635,4350.0,3325.6,0.97,2.6,3.56
CC-UP-503_r5_089,CC-UP-503,5,1,35.21944490125172,-83.1988940506973,4650.0,3304.93,3.15,5.11,3.88
CC-UP-503_r5_090,CC-UP-503,5,1,35.220238451847855,-83.19906444490478,4950.0,3275.45,6.06,8.94,4.61
CC-UP-503_r5_091,CC-UP-503,5,0,35.2210552110225,-83.19906615420274,5250.0,3246.05,4.0,21.27,4.81
CC-UP-503_r5_092,CC-UP-503,5,0,35.22185475650498,-83.19929904187016,5550.0,3216.69,1.1,9.72,4.04
CC-UP-503_r5_093,CC-UP-503,5,1,35.22258365731936,-83.19976457619191,5850.0,3165.64,5.52,7.75,5.64
CC-UP-503_r5_094,CC-UP-503,5,1,35.22332079405154,-83.2002047542661,6150.0,3108.63,5.54,7.52,4.19
CC-UP-503_r5_095,CC-UP-503,5,1,35.22408140865439,-83.20053575098488,6450.0,3081.07,0.73,1.14,3.28
CC-UP-503_r6_096,CC-UP-503,6,1,35.211020524062526,-83.21186634173169,150.0,3973.55,2.19,4.22,4.69
CC-UP-503_r6_097,CC-UP-503,6,0,35.21179337968338,-83.21152171330567,450.0,3906.18,0.39,0.63,3.02
CC-UP-503_r6_098,CC-UP-503,6,1,35.212536449050376,-83.21108502466869,750.0,3827.57,4.03,4.43,4.31
CC-UP-503_r6_099,CC-UP-503,6,0,35.21327951841737,-83.21064833603171,1050.0,3761.25,0.46,0.67,3.73
CC-UP-503_r6_100,CC-UP-503,6,0,35.214049984031085,-83.21030390921085,1350.0,3700.11,1.41,6.87,3.27
CC-UP-503_r6_101,CC-UP-503,6,0,35.21486348466044,-83.21017685912616,1650.0,3639.91,0.32,5.77,3.34
CC-UP-503_r6_102,CC-UP-503,6,1,35.21566365632393,-83.21030730145225,1950.0,3564.78,3.49,4.57,4.59
CC-UP-503_r6_103,CC-UP-503,6,1,35.21645934347813,-83.2102009990594,2250.0,3528.18,0.61,1.16,2.73
CC-UP-503_r6_104,CC-UP-503,6,1,35.21723010139344,-83.20984348718854,2550.0,3489.01,2.24,6.59,2.95
CC-UP-503_r6_105,CC-UP-503,6,1,35.218033456854904,-83.20968254467853,2850.0,3446.86,1.9,6.54,5.16
CC-UP-503_r6_106,CC-UP-503,6,0,35.218826661212,-83.20967966469551,3150.0,3421.47,0.45,2.35,3.43
CC-UP-503_r6_107,CC-UP-503,6,0,35.21951802140508,-83.20916572107028,3450.0,3397.93,1.3,8.96,4.07
CC-UP-503_r6_108,CC-UP-503,6,0,35.2202262553432,-83.20867852143809,3750.0,3353.93,1.32,8.44,4.35
CC-UP-503_r6_109,CC-UP-503,6,1,35.22067737174939,-83.2078337805324,4050.0,3293.59,6.36,8.88,4.62
CC-UP-503_r6_110,CC-UP-503,6,1,35.22130045550389,-83.20719181003871,4350.0,3263.8,0.86,2.6,3.91
CC-UP-503_r6_111,CC-UP-503,6,1,35.22194870280328,-83.2065795437039,4650.0,3228.93,1.23,3.92,4.21
CC-UP-503_r6_112,CC-UP-503,6,1,35.2223986607502,-83.20573378693634,4950.0,3196.3,4.8,12.52,4.66
CC-UP-503_r6_113,CC-UP-503,6,1,35.22302619595615,-83.20508795261853,5250.0,3171.01,2.53,2.67,3.14
CC-UP-503_r6_114,CC-UP-503,6,1,35.22342355232626,-83.20428838482152,5550.0,3149.04,1.7,2.89,3.98
CC-UP-503_r6_115,CC-UP-503,6,1,35.223233635838,-83.2033359656608,5850.0,3126.01,0.9,1.57,4.02
CC-UP-503_r6_116,CC-UP-503,6,0,35.22355755374245,-83.20245575672037,6150.0,3112.14,0.37,4.06,3.65
CC-UP-503_r6_117,CC-UP-503,6,1,35.224110641564344,-83.20179149915842,6450.0,3101.06,1.94,5.41,4.83
CC-UP-503_r6_118,CC-UP-503,6,1,35.22417743283002,-83.20078534446537,6750.0,3084.74,1.8,4.16,2.95
CC-COX-097_r0_000,CC-COX-097,0,1,35.293801934648634,-83.20674806071818,150.0,2591.61,0.67,0.72,2.37
CC-COX-097_r0_001,CC-COX-097,0,1,35.2944080119459,-83.20606397815457,450.0,2545.79,0.71,0.72,2.62
CC-COX-097_r0_002,CC-COX-097,0,1,35.2951108068926,-83.20553862118942,750.0,2509.42,0.98,2.04,2.41
CC-COX-097_r0_003,CC-COX-097,0,1,35.29561293559059,-83.20478467568194,1050.0,2469.51,2.24,3.74,3.08
CC-COX-097_r0_004,CC-COX-097,0,0,35.29560365183961,-83.20377882692516,1350.0,2440.02,0.02,6.59,2.18
CC-COX-097_r0_005,CC-COX-097,0,1,35.29564735179703,-83.2027787416541,1650.0,2407.44,1.82,2.51,2.55
CC-COX-097_r0_006,CC-COX-097,0,1,35.295838661522446,-83.20179683886731,1950.0,2379.68,2.08,2.27,3.32
CC-COX-097_r0_007,CC-COX-097,0,1,35.29602997124786,-83.20081493608052,2250.0,2354.54,0.86,1.53,1.91
CC-COX-097_r0_008,CC-COX-097,0,1,35.29619048146953,-83.1998325469176,2550.0,2327.92,1.45,2.49,2.59
CC-COX-097_r0_009,CC-COX-097,0,0,35.2960199035722,-83.1988449293148,2850.0,2307.01,1.3,4.66,2.49
CC-COX-097_r0_010,CC-COX-097,0,1,35.29595455950218,-83.19784387380138,3150.0,2288.73,1.27,1.74,2.36
CC-COX-097_r0_011,CC-COX-097,0,1,35.295890523405426,-83.19684659195114,3450.0,2270.85,1.72,2.49,2.29
CC-COX-097_r0_012,CC-COX-097,0,0,35.295595940519135,-83.19593151136081,3750.0,2257.2,0.44,3.08,1.25
CC-COX-097_r0_013,CC-COX-097,0,1,35.2956317475564,-83.19492298951144,4050.0,2240.66,1.44,2.46,2.36
CC-COX-097_r0_014,CC-COX-097,0,1,35.29558533210026,-83.19393288873154,4350.0,2227.55,0.87,0.97,2.46
CC-COX-097_r0_015,CC-COX-097,0,0,35.29576606918943,-83.19295236773152,4650.0,2217.28,0.08,0.08,1.32
CC-COX-097_r0_016,CC-COX-097,0,1,35.29577135142373,-83.19194907949232,4950.0,2203.54,1.09,2.26,2.98
CC-COX-097_r0_017,CC-COX-097,0,0,35.29584549222234,-83.19095769960546,5250.0,2195.26,0.06,0.45,0.73
CC-COX-097_r0_018,CC-COX-097,0,0,35.29629761755796,-83.19012379397185,5550.0,2184.84,0.31,0.57,2.37
CC-COX-097_r0_019,CC-COX-097,0,1,35.29674883326642,-83.18929092170525,5850.0,2173.7,1.59,1.59,3.07
CC-COX-097_r0_020,CC-COX-097,0,1,35.296961731336594,-83.1883157078805,6150.0,2166.94,1.12,1.12,2.41
CC-COX-097_r0_021,CC-COX-097,0,1,35.29728008258875,-83.187408474612,6450.0,2159.28,1.84,2.16,2.85
CC-COX-097_r0_022,CC-COX-097,0,1,35.297815858250885,-83.18664140432438,6750.0,2149.57,0.97,1.38,1.66
CC-COX-097_r0_023,CC-COX-097,0,1,35.29835163391302,-83.18587433403674,7050.0,2140.71,1.26,1.85,3.13
CC-COX-097_r0_024,CC-COX-097,0,1,35.299070103320695,-83.18539693514147,7350.0,2129.77,1.75,3.07,2.5
CC-COX-097_r0_025,CC-COX-097,0,1,35.29963481146539,-83.18473130797966,7650.0,2121.25,2.63,4.13,2.58
CC-COX-097_r0_026,CC-COX-097,0,0,35.30028796834366,-83.18412092380406,7950.0,2114.94,0.31,0.83,1.78
CC-COX-097_r0_027,CC-COX-097,0,0,35.300810350268456,-83.18337588672244,8250.0,2100.86,0.36,2.47,2.32
CC-COX-097_r1_028,CC-COX-097,1,1,35.29973493248552,-83.18250219871234,150.0,2100.96,3.26,4.24,1.4
CC-LB-171_r0_000,CC-LB-171,0,0,35.3086573879327,-83.18794262627664,150.0,2099.07,0.0,0.0,5.03
CC-LB-171_r1_001,CC-LB-171,1,1,35.2956557347511,-83.21784031675003,150.0,2611.34,2.76,5.45,3.08
CC-LB-171_r1_002,CC-LB-171,1,1,35.29624310078895,-83.21715843651091,450.0,2560.29,4.21,5.88,4.29
CC-LB-171_r1_003,CC-LB-171,1,1,35.29664693596478,-83.21627844693816,750.0,2521.94,1.73,1.82,2.94
CC-LB-171_r1_004,CC-LB-171,1,0,35.29705077114061,-83.2153984573654,1050.0,2479.91,0.0,0.0,4.73
CC-LB-171_r1_005,CC-LB-171,1,1,35.297379827834924,-83.2144743568645,1350.0,2445.04,3.42,4.54,4.56
CC-LB-171_r1_006,CC-LB-171,1,0,35.29768979597587,-83.21353899625522,1650.0,2423.44,0.67,3.05,2.79
CC-LB-171_r1_007,CC-LB-171,1,1,35.298207585211415,-83.21275679923407,1950.0,2396.93,1.57,4.3,3.42
CC-LB-171_r1_008,CC-LB-171,1,1,35.2985265105979,-83.21183349625228,2250.0,2374.29,1.14,1.59,3.25
CC-LB-171_r1_009,CC-LB-171,1,1,35.29887279604347,-83.21092256323307,2550.0,2353.23,1.78,5.01,2.51
CC-LB-171_r1_010,CC-LB-171,1,0,35.29921945877139,-83.21001332593207,2850.0,2330.73,1.17,6.26,3.58
CC-LB-171_r1_011,CC-LB-171,1,1,35.29942301598564,-83.20904622851413,3150.0,2313.94,2.57,3.43,2.45
CC-LB-171_r1_012,CC-LB-171,1,1,35.29940718704596,-83.20803693969627,3450.0,2298.29,1.3,3.02,2.31
CC-LB-171_r1_013,CC-LB-171,1,0,35.299795729592034,-83.20720024597179,3750.0,2290.16,0.1,0.64,2.21
CC-LB-171_r1_014,CC-LB-171,1,1,35.300439420881744,-83.20656981278074,4050.0,2269.82,1.72,2.57,3.01
CC-LB-171_r1_015,CC-LB-171,1,1,35.30104818069107,-83.20591284596576,4350.0,2258.56,2.63,4.76,2.53
CC-LB-171_r1_016,CC-LB-171,1,1,35.30178439754477,-83.205461698211,4650.0,2245.66,1.44,2.2,2.96
CC-LB-171_r1_017,CC-LB-171,1,1,35.30245601040135,-83.20489837312176,4950.0,2232.56,3.08,3.44,4.25
CC-LB-171_r1_018,CC-LB-171,1,0,35.30316859256333,-83.20440941381932,5250.0,2218.37,0.68,3.71,2.77
CC-LB-171_r1_019,CC-LB-171,1,1,35.30369478018179,-83.20363471259826,5550.0,2210.11,1.89,1.95,3.39
CC-LB-171_r1_020,CC-LB-171,1,1,35.304163900991355,-83.20280472309173,5850.0,2201.13,0.94,2.48,3.16
CC-LB-171_r1_021,CC-LB-171,1,0,35.304633021800925,-83.2019747335852,6150.0,2186.66,0.89,4.12,2.83
CC-LB-171_r1_022,CC-LB-171,1,1,35.305046702898146,-83.20110306680871,6450.0,2178.59,0.62,1.75,2.76
CC-LB-171_r1_023,CC-LB-171,1,1,35.305437616236254,-83.20021440906498,6750.0,2170.69,1.36,1.9,2.71
CC-LB-171_r1_024,CC-LB-171,1,1,35.3057840761796,-83.1992984597613,7050.0,2163.08,1.0,2.07,2.2
CC-LB-171_r1_025,CC-LB-171,1,1,35.30613053612294,-83.19838251045762,7350.0,2154.99,1.92,2.67,3.18
CC-LB-171_r1_026,CC-LB-171,1,1,35.306395191710166,-83.19742902183856,7650.0,2148.62,1.6,1.67,2.05
CC-LB-171_r1_027,CC-LB-171,1,1,35.30659397618668,-83.19645051217188,7950.0,2138.13,2.84,7.63,2.86
CC-LB-171_r1_028,CC-LB-171,1,1,35.3066862536295,-83.19545011544791,8250.0,2131.66,2.9,3.75,3.48
CC-LB-171_r1_029,CC-LB-171,1,0,35.30673323476823,-83.19444368412778,8550.0,2124.89,1.1,6.5,3.41
CC-LB-171_r1_030,CC-LB-171,1,1,35.30691329370466,-83.19345859467174,8850.0,2118.15,1.42,2.28,3.3
CC-LB-171_r1_031,CC-LB-171,1,1,35.30709335264108,-83.19247350521569,9150.0,2110.08,1.54,2.8,4.07
CC-LB-171_r1_032,CC-LB-171,1,1,35.30722619877547,-83.19147766785377,9450.0,2105.66,1.69,4.47,3.69
CC-LB-171_r1_033,CC-LB-171,1,1,35.30734714544877,-83.19047912160188,9750.0,2099.27,0.62,1.1,1.66
CC-LB-171_r1_034,CC-LB-171,1,0,35.30765500801853,-83.18954620127502,10050.0,2092.04,0.9,10.0,3.16
CC-LB-171_r1_035,CC-LB-171,1,0,35.307984326019266,-83.18862081392172,10350.0,2087.06,1.3,10.91,3.14
