kind,basin_id,issued_utc,valid_utc,stage_ft,q_cfs,rp_yr,level,wetness,cn,condition,trend,age_min,fresh,site_id,source,outcome,outcome_ts,outcome_src,outcome_note,rain_in,mrms_in,mrms_valid
obs,CC-SPD-1830,,2026-08-12T02:33:00+00:00,2.43,,,NORMAL,,,Normal,Falling,61.8,1,25380,fiman-live,,,,,,,
model,CC-UP-503,2026-08-12T03:34:46Z,2026-08-12T03:34:46Z,0.1330393759446692,0.0,0.0,NORMAL,0.1445,48.596356635481044,,,,,,noah-live,,,,,,,
model,CC-TIL-705,2026-08-12T03:34:46Z,2026-08-12T03:34:46Z,0.17161395788520717,0.0,0.0,NORMAL,0.1445,48.596356635481044,,,,,,noah-live,,,,,,,
model,CC-MS-1100,2026-08-12T03:34:46Z,2026-08-12T03:34:46Z,0.20148571695154172,0.0,0.0,NORMAL,0.1445,48.596356635481044,,,,,,noah-live,,,,,,,
model,CC-SPD-1830,2026-08-12T03:34:46Z,2026-08-12T03:34:46Z,0.24637955529277195,0.0,0.0,NORMAL,0.1445,48.596356635481044,,,,,,noah-live,,,,,,,
model,CC-COX-097,2026-08-12T03:34:46Z,2026-08-12T03:34:46Z,0.0709986210483231,0.0,0.0,NORMAL,0.1445,51.762744305278844,,,,,,noah-live,,,,,,,
model,CC-LB-171,2026-08-12T03:34:46Z,2026-08-12T03:34:46Z,0.09513568511797797,0.0,0.0,NORMAL,0.1445,50.69372372009528,,,,,,noah-live,,,,,,,
model,CC-WCU-2260,2026-08-12T03:34:46Z,2026-08-12T03:34:46Z,4.0,0.0,0.0,NORMAL,0.1445,49.638380026828,,,,,,noah-live,,,,,,,
model,CC-MOUTH-2340,2026-08-12T03:34:46Z,2026-08-12T03:34:46Z,,0.0,0.0,NORMAL,0.1445,49.638380026828,,,,,,noah-live,,,,,,,
obs,CC-SPD-1830,,2026-08-12T04:33:00+00:00,2.77,,,NORMAL,,,Normal,Rising,53.7,1,25380,fiman-live,,,,,,,
model,CC-UP-503,2026-08-12T05:26:42Z,2026-08-12T05:26:42Z,0.1330393759446692,0.0,0.0,NORMAL,0.1445,48.596356635481044,,,,,,noah-live,,,,,,,
model,CC-TIL-705,2026-08-12T05:26:42Z,2026-08-12T05:26:42Z,0.17161395788520717,0.0,0.0,NORMAL,0.1445,48.596356635481044,,,,,,noah-live,,,,,,,
model,CC-MS-1100,2026-08-12T05:26:42Z,2026-08-12T05:26:42Z,0.20148571695154172,0.0,0.0,NORMAL,0.1445,48.596356635481044,,,,,,noah-live,,,,,,,
model,CC-SPD-1830,2026-08-12T05:26:42Z,2026-08-12T05:26:42Z,0.24637955529277195,0.0,0.0,NORMAL,0.1445,48.596356635481044,,,,,,noah-live,,,,,,,
model,CC-COX-097,2026-08-12T05:26:42Z,2026-08-12T05:26:42Z,0.0709986210483231,0.0,0.0,NORMAL,0.1445,51.762744305278844,,,,,,noah-live,,,,,,,
model,CC-LB-171,2026-08-12T05:26:42Z,2026-08-12T05:26:42Z,0.09513568511797797,0.0,0.0,NORMAL,0.1445,50.69372372009528,,,,,,noah-live,,,,,,,
model,CC-WCU-2260,2026-08-12T05:26:42Z,2026-08-12T05:26:42Z,4.0,0.0,0.0,NORMAL,0.1445,49.638380026828,,,,,,noah-live,,,,,,,
model,CC-MOUTH-2340,2026-08-12T05:26:42Z,2026-08-12T05:26:42Z,,0.0,0.0,NORMAL,0.1445,49.638380026828,,,,,,noah-live,,,,,,,
obs,CC-SPD-1830,,2026-08-12T05:33:00+00:00,2.86,,,NORMAL,,,Normal,Rising,80.2,0,25380,fiman-live,,,,,,,
model,CC-UP-503,2026-08-12T06:53:12Z,2026-08-12T06:53:12Z,0.1330393759446692,0.0,0.0,NORMAL,0.1445,48.596356635481044,,,,,,noah-live,,,,,,,
model,CC-TIL-705,2026-08-12T06:53:12Z,2026-08-12T06:53:12Z,0.17161395788520717,0.0,0.0,NORMAL,0.1445,48.596356635481044,,,,,,noah-live,,,,,,,
model,CC-MS-1100,2026-08-12T06:53:12Z,2026-08-12T06:53:12Z,0.20148571695154172,0.0,0.0,NORMAL,0.1445,48.596356635481044,,,,,,noah-live,,,,,,,
model,CC-SPD-1830,2026-08-12T06:53:12Z,2026-08-12T06:53:12Z,0.24637955529277195,0.0,0.0,NORMAL,0.1445,48.596356635481044,,,,,,noah-live,,,,,,,
model,CC-COX-097,2026-08-12T06:53:12Z,2026-08-12T06:53:12Z,0.0709986210483231,0.0,0.0,NORMAL,0.1445,51.762744305278844,,,,,,noah-live,,,,,,,
model,CC-LB-171,2026-08-12T06:53:12Z,2026-08-12T06:53:12Z,0.09513568511797797,0.0,0.0,NORMAL,0.1445,50.69372372009528,,,,,,noah-live,,,,,,,
model,CC-WCU-2260,2026-08-12T06:53:12Z,2026-08-12T06:53:12Z,4.0,0.0,0.0,NORMAL,0.1445,49.638380026828,,,,,,noah-live,,,,,,,
model,CC-MOUTH-2340,2026-08-12T06:53:12Z,2026-08-12T06:53:12Z,,0.0,0.0,NORMAL,0.1445,49.638380026828,,,,,,noah-live,,,,,,,
obs,CC-SPD-1830,,2026-08-12T07:03:00+00:00,2.81,,,NORMAL,,,Normal,Falling,68.2,1,25380,fiman-live,,,,,,,
model,CC-UP-503,2026-08-12T08:11:11Z,2026-08-12T08:11:11Z,0.1330393759446692,0.0,0.0,NORMAL,0.1445,48.596356635481044,,,,,,noah-live,,,,,,,
model,CC-TIL-705,2026-08-12T08:11:11Z,2026-08-12T08:11:11Z,0.17161395788520717,0.0,0.0,NORMAL,0.1445,48.596356635481044,,,,,,noah-live,,,,,,,
model,CC-MS-1100,2026-08-12T08:11:11Z,2026-08-12T08:11:11Z,0.20148571695154172,0.0,0.0,NORMAL,0.1445,48.596356635481044,,,,,,noah-live,,,,,,,
model,CC-SPD-1830,2026-08-12T08:11:11Z,2026-08-12T08:11:11Z,0.24637955529277195,0.0,0.0,NORMAL,0.1445,48.596356635481044,,,,,,noah-live,,,,,,,
model,CC-COX-097,2026-08-12T08:11:11Z,2026-08-12T08:11:11Z,0.0709986210483231,0.0,0.0,NORMAL,0.1445,51.762744305278844,,,,,,noah-live,,,,,,,
model,CC-LB-171,2026-08-12T08:11:11Z,2026-08-12T08:11:11Z,0.09513568511797797,0.0,0.0,NORMAL,0.1445,50.69372372009528,,,,,,noah-live,,,,,,,
model,CC-WCU-2260,2026-08-12T08:11:11Z,2026-08-12T08:11:11Z,4.0,0.0,0.0,NORMAL,0.1445,49.638380026828,,,,,,noah-live,,,,,,,
model,CC-MOUTH-2340,2026-08-12T08:11:11Z,2026-08-12T08:11:11Z,,0.0,0.0,NORMAL,0.1445,49.638380026828,,,,,,noah-live,,,,,,,
obs,CC-SPD-1830,,2026-08-12T08:33:00+00:00,2.83,,,NORMAL,,,Normal,Constant,65.7,1,25380,fiman-live,,,,,,,
model,CC-UP-503,2026-08-12T09:38:42Z,2026-08-12T09:38:42Z,0.1330393759446692,0.0,0.0,NORMAL,0.1445,48.596356635481044,,,,,,noah-live,,,,,,,
model,CC-TIL-705,2026-08-12T09:38:42Z,2026-08-12T09:38:42Z,0.17161395788520717,0.0,0.0,NORMAL,0.1445,48.596356635481044,,,,,,noah-live,,,,,,,
model,CC-MS-1100,2026-08-12T09:38:42Z,2026-08-12T09:38:42Z,0.20148571695154172,0.0,0.0,NORMAL,0.1445,48.596356635481044,,,,,,noah-live,,,,,,,
model,CC-SPD-1830,2026-08-12T09:38:42Z,2026-08-12T09:38:42Z,0.24637955529277195,0.0,0.0,NORMAL,0.1445,48.596356635481044,,,,,,noah-live,,,,,,,
model,CC-COX-097,2026-08-12T09:38:42Z,2026-08-12T09:38:42Z,0.0709986210483231,0.0,0.0,NORMAL,0.1445,51.762744305278844,,,,,,noah-live,,,,,,,
model,CC-LB-171,2026-08-12T09:38:42Z,2026-08-12T09:38:42Z,0.09513568511797797,0.0,0.0,NORMAL,0.1445,50.69372372009528,,,,,,noah-live,,,,,,,
model,CC-WCU-2260,2026-08-12T09:38:42Z,2026-08-12T09:38:42Z,4.0,0.0,0.0,NORMAL,0.1445,49.638380026828,,,,,,noah-live,,,,,,,
model,CC-MOUTH-2340,2026-08-12T09:38:42Z,2026-08-12T09:38:42Z,,0.0,0.0,NORMAL,0.1445,49.638380026828,,,,,,noah-live,,,,,,,
obs,CC-SPD-1830,,2026-08-12T10:03:00+00:00,2.72,,,NORMAL,,,Normal,Falling,52.8,1,25380,fiman-live,,,,,,,
model,CC-UP-503,2026-08-12T10:55:50Z,2026-08-12T10:55:50Z,0.1330393759446692,0.0,0.0,NORMAL,0.1445,48.596356635481044,,,,,,noah-live,,,,,,,
model,CC-TIL-705,2026-08-12T10:55:50Z,2026-08-12T10:55:50Z,0.17161395788520717,0.0,0.0,NORMAL,0.1445,48.596356635481044,,,,,,noah-live,,,,,,,
model,CC-MS-1100,2026-08-12T10:55:50Z,2026-08-12T10:55:50Z,0.20148571695154172,0.0,0.0,NORMAL,0.1445,48.596356635481044,,,,,,noah-live,,,,,,,
model,CC-SPD-1830,2026-08-12T10:55:50Z,2026-08-12T10:55:50Z,0.24637955529277195,0.0,0.0,NORMAL,0.1445,48.596356635481044,,,,,,noah-live,,,,,,,
model,CC-COX-097,2026-08-12T10:55:50Z,2026-08-12T10:55:50Z,0.0709986210483231,0.0,0.0,NORMAL,0.1445,51.762744305278844,,,,,,noah-live,,,,,,,
model,CC-LB-171,2026-08-12T10:55:50Z,2026-08-12T10:55:50Z,0.09513568511797797,0.0,0.0,NORMAL,0.1445,50.69372372009528,,,,,,noah-live,,,,,,,
model,CC-WCU-2260,2026-08-12T10:55:50Z,2026-08-12T10:55:50Z,4.0,0.0,0.0,NORMAL,0.1445,49.638380026828,,,,,,noah-live,,,,,,,
model,CC-MOUTH-2340,2026-08-12T10:55:50Z,2026-08-12T10:55:50Z,,0.0,0.0,NORMAL,0.1445,49.638380026828,,,,,,noah-live,,,,,,,
obs,CC-SPD-1830,,2026-08-12T10:33:00+00:00,2.68,,,NORMAL,,,Normal,Falling,69.7,1,25380,fiman-live,,,,,,,
model,CC-UP-503,2026-08-12T11:42:43Z,2026-08-12T11:42:43Z,0.1330393759446692,0.0,0.0,NORMAL,0.1445,48.596356635481044,,,,,,noah-live,,,,,,,
model,CC-TIL-705,2026-08-12T11:42:43Z,2026-08-12T11:42:43Z,0.17161395788520717,0.0,0.0,NORMAL,0.1445,48.596356635481044,,,,,,noah-live,,,,,,,
model,CC-MS-1100,2026-08-12T11:42:43Z,2026-08-12T11:42:43Z,0.20148571695154172,0.0,0.0,NORMAL,0.1445,48.596356635481044,,,,,,noah-live,,,,,,,
model,CC-SPD-1830,2026-08-12T11:42:43Z,2026-08-12T11:42:43Z,0.24637955529277195,0.0,0.0,NORMAL,0.1445,48.596356635481044,,,,,,noah-live,,,,,,,
model,CC-COX-097,2026-08-12T11:42:43Z,2026-08-12T11:42:43Z,0.0709986210483231,0.0,0.0,NORMAL,0.1445,51.762744305278844,,,,,,noah-live,,,,,,,
model,CC-LB-171,2026-08-12T11:42:43Z,2026-08-12T11:42:43Z,0.09513568511797797,0.0,0.0,NORMAL,0.1445,50.69372372009528,,,,,,noah-live,,,,,,,
model,CC-WCU-2260,2026-08-12T11:42:43Z,2026-08-12T11:42:43Z,4.0,0.0,0.0,NORMAL,0.1445,49.638380026828,,,,,,noah-live,,,,,,,
model,CC-MOUTH-2340,2026-08-12T11:42:43Z,2026-08-12T11:42:43Z,,0.0,0.0,NORMAL,0.1445,49.638380026828,,,,,,noah-live,,,,,,,
obs,CC-SPD-1830,,2026-08-12T12:03:00+00:00,2.64,,,NORMAL,,,Normal,Falling,51.8,1,25380,fiman-live,,,,,,,
model,CC-UP-503,2026-08-12T12:54:50Z,2026-08-12T12:54:50Z,0.1330393759446692,0.0,0.0,NORMAL,0.1445,48.596356635481044,,,,,,noah-live,,,,,,,
model,CC-TIL-705,2026-08-12T12:54:50Z,2026-08-12T12:54:50Z,0.17161395788520717,0.0,0.0,NORMAL,0.1445,48.596356635481044,,,,,,noah-live,,,,,,,
model,CC-MS-1100,2026-08-12T12:54:50Z,2026-08-12T12:54:50Z,0.20148571695154172,0.0,0.0,NORMAL,0.1445,48.596356635481044,,,,,,noah-live,,,,,,,
model,CC-SPD-1830,2026-08-12T12:54:50Z,2026-08-12T12:54:50Z,0.24637955529277195,0.0,0.0,NORMAL,0.1445,48.596356635481044,,,,,,noah-live,,,,,,,
model,CC-COX-097,2026-08-12T12:54:50Z,2026-08-12T12:54:50Z,0.0709986210483231,0.0,0.0,NORMAL,0.1445,51.762744305278844,,,,,,noah-live,,,,,,,
model,CC-LB-171,2026-08-12T12:54:50Z,2026-08-12T12:54:50Z,0.09513568511797797,0.0,0.0,NORMAL,0.1445,50.69372372009528,,,,,,noah-live,,,,,,,
model,CC-WCU-2260,2026-08-12T12:54:50Z,2026-08-12T12:54:50Z,4.0,0.0,0.0,NORMAL,0.1445,49.638380026828,,,,,,noah-live,,,,,,,
model,CC-MOUTH-2340,2026-08-12T12:54:50Z,2026-08-12T12:54:50Z,,0.0,0.0,NORMAL,0.1445,49.638380026828,,,,,,noah-live,,,,,,,
obs,CC-SPD-1830,,2026-08-12T13:03:00+00:00,2.6,,,NORMAL,,,Normal,Falling,74.6,1,25380,fiman-live,,,,,,,
model,CC-UP-503,2026-08-12T14:17:38Z,2026-08-12T14:17:38Z,0.1330393759446692,0.0,0.0,NORMAL,0.1445,48.596356635481044,,,,,,noah-live,,,,,,,
model,CC-TIL-705,2026-08-12T14:17:38Z,2026-08-12T14:17:38Z,0.17161395788520717,0.0,0.0,NORMAL,0.1445,48.596356635481044,,,,,,noah-live,,,,,,,
model,CC-MS-1100,2026-08-12T14:17:38Z,2026-08-12T14:17:38Z,0.20148571695154172,0.0,0.0,NORMAL,0.1445,48.596356635481044,,,,,,noah-live,,,,,,,
model,CC-SPD-1830,2026-08-12T14:17:38Z,2026-08-12T14:17:38Z,0.24637955529277195,0.0,0.0,NORMAL,0.1445,48.596356635481044,,,,,,noah-live,,,,,,,
model,CC-COX-097,2026-08-12T14:17:38Z,2026-08-12T14:17:38Z,0.0709986210483231,0.0,0.0,NORMAL,0.1445,51.762744305278844,,,,,,noah-live,,,,,,,
model,CC-LB-171,2026-08-12T14:17:38Z,2026-08-12T14:17:38Z,0.09513568511797797,0.0,0.0,NORMAL,0.1445,50.69372372009528,,,,,,noah-live,,,,,,,
model,CC-WCU-2260,2026-08-12T14:17:38Z,2026-08-12T14:17:38Z,4.0,0.0,0.0,NORMAL,0.1445,49.638380026828,,,,,,noah-live,,,,,,,
model,CC-MOUTH-2340,2026-08-12T14:17:38Z,2026-08-12T14:17:38Z,,0.0,0.0,NORMAL,0.1445,49.638380026828,,,,,,noah-live,,,,,,,
obs,CC-SPD-1830,,2026-08-12T14:33:00+00:00,2.58,,,NORMAL,,,Normal,Falling,55.1,1,25380,fiman-live,,,,,,,
model,CC-UP-503,2026-08-12T15:28:09Z,2026-08-12T15:28:09Z,0.1330393759446692,0.0,0.0,NORMAL,0.1445,48.596356635481044,,,,,,noah-live,,,,,,,
model,CC-TIL-705,2026-08-12T15:28:09Z,2026-08-12T15:28:09Z,0.17161395788520717,0.0,0.0,NORMAL,0.1445,48.596356635481044,,,,,,noah-live,,,,,,,
model,CC-MS-1100,2026-08-12T15:28:09Z,2026-08-12T15:28:09Z,0.20148571695154172,0.0,0.0,NORMAL,0.1445,48.596356635481044,,,,,,noah-live,,,,,,,
model,CC-SPD-1830,2026-08-12T15:28:09Z,2026-08-12T15:28:09Z,0.24637955529277195,0.0,0.0,NORMAL,0.1445,48.596356635481044,,,,,,noah-live,,,,,,,
model,CC-COX-097,2026-08-12T15:28:09Z,2026-08-12T15:28:09Z,0.0709986210483231,0.0,0.0,NORMAL,0.1445,51.762744305278844,,,,,,noah-live,,,,,,,
model,CC-LB-171,2026-08-12T15:28:09Z,2026-08-12T15:28:09Z,0.09513568511797797,0.0,0.0,NORMAL,0.1445,50.69372372009528,,,,,,noah-live,,,,,,,
model,CC-WCU-2260,2026-08-12T15:28:09Z,2026-08-12T15:28:09Z,4.0,0.0,0.0,NORMAL,0.1445,49.638380026828,,,,,,noah-live,,,,,,,
model,CC-MOUTH-2340,2026-08-12T15:28:09Z,2026-08-12T15:28:09Z,,0.0,0.0,NORMAL,0.1445,49.638380026828,,,,,,noah-live,,,,,,,
obs,CC-SPD-1830,,2026-08-12T15:33:00+00:00,2.56,,,NORMAL,,,Normal,Falling,53.1,1,25380,fiman-live,,,,,,,
model,CC-UP-503,2026-08-12T16:26:05Z,2026-08-12T16:26:05Z,0.1330393759446692,0.0,0.0,NORMAL,0.1445,48.596356635481044,,,,,,noah-live,,,,,,,
model,CC-TIL-705,2026-08-12T16:26:05Z,2026-08-12T16:26:05Z,0.17161395788520717,0.0,0.0,NORMAL,0.1445,48.596356635481044,,,,,,noah-live,,,,,,,
model,CC-MS-1100,2026-08-12T16:26:05Z,2026-08-12T16:26:05Z,0.20148571695154172,0.0,0.0,NORMAL,0.1445,48.596356635481044,,,,,,noah-live,,,,,,,
model,CC-SPD-1830,2026-08-12T16:26:05Z,2026-08-12T16:26:05Z,0.24637955529277195,0.0,0.0,NORMAL,0.1445,48.596356635481044,,,,,,noah-live,,,,,,,
model,CC-COX-097,2026-08-12T16:26:05Z,2026-08-12T16:26:05Z,0.0709986210483231,0.0,0.0,NORMAL,0.1445,51.762744305278844,,,,,,noah-live,,,,,,,
model,CC-LB-171,2026-08-12T16:26:05Z,2026-08-12T16:26:05Z,0.09513568511797797,0.0,0.0,NORMAL,0.1445,50.69372372009528,,,,,,noah-live,,,,,,,
model,CC-WCU-2260,2026-08-12T16:26:05Z,2026-08-12T16:26:05Z,4.0,0.0,0.0,NORMAL,0.1445,49.638380026828,,,,,,noah-live,,,,,,,
model,CC-MOUTH-2340,2026-08-12T16:26:05Z,2026-08-12T16:26:05Z,,0.0,0.0,NORMAL,0.1445,49.638380026828,,,,,,noah-live,,,,,,,
obs,CC-SPD-1830,,2026-08-12T16:33:00+00:00,2.54,,,NORMAL,,,Normal,Falling,54.5,1,25380,fiman-live,,,,,,,
model,CC-UP-503,2026-08-12T17:27:30Z,2026-08-12T17:27:30Z,0.1330393759446692,0.0,0.0,NORMAL,0.1445,48.596356635481044,,,,,,noah-live,,,,,,,
model,CC-TIL-705,2026-08-12T17:27:30Z,2026-08-12T17:27:30Z,0.17161395788520717,0.0,0.0,NORMAL,0.1445,48.596356635481044,,,,,,noah-live,,,,,,,
model,CC-MS-1100,2026-08-12T17:27:30Z,2026-08-12T17:27:30Z,0.20148571695154172,0.0,0.0,NORMAL,0.1445,48.596356635481044,,,,,,noah-live,,,,,,,
model,CC-SPD-1830,2026-08-12T17:27:30Z,2026-08-12T17:27:30Z,0.24637955529277195,0.0,0.0,NORMAL,0.1445,48.596356635481044,,,,,,noah-live,,,,,,,
model,CC-COX-097,2026-08-12T17:27:30Z,2026-08-12T17:27:30Z,0.0709986210483231,0.0,0.0,NORMAL,0.1445,51.762744305278844,,,,,,noah-live,,,,,,,
model,CC-LB-171,2026-08-12T17:27:30Z,2026-08-12T17:27:30Z,0.09513568511797797,0.0,0.0,NORMAL,0.1445,50.69372372009528,,,,,,noah-live,,,,,,,
model,CC-WCU-2260,2026-08-12T17:27:30Z,2026-08-12T17:27:30Z,4.0,0.0,0.0,NORMAL,0.1445,49.638380026828,,,,,,noah-live,,,,,,,
model,CC-MOUTH-2340,2026-08-12T17:27:30Z,2026-08-12T17:27:30Z,,0.0,0.0,NORMAL,0.1445,49.638380026828,,,,,,noah-live,,,,,,,
obs,CC-SPD-1830,,2026-08-12T17:33:00+00:00,2.54,,,NORMAL,,,Normal,Constant,53.4,1,25380,fiman-live,,,,,,,
model,CC-UP-503,2026-08-12T18:26:28Z,2026-08-12T18:26:28Z,0.1330393759446692,0.0,0.0,NORMAL,0.1445,48.596356635481044,,,,,,noah-live,,,,,,,
model,CC-TIL-705,2026-08-12T18:26:28Z,2026-08-12T18:26:28Z,0.17161395788520717,0.0,0.0,NORMAL,0.1445,48.596356635481044,,,,,,noah-live,,,,,,,
model,CC-MS-1100,2026-08-12T18:26:28Z,2026-08-12T18:26:28Z,0.20148571695154172,0.0,0.0,NORMAL,0.1445,48.596356635481044,,,,,,noah-live,,,,,,,
model,CC-SPD-1830,2026-08-12T18:26:28Z,2026-08-12T18:26:28Z,0.24637955529277195,0.0,0.0,NORMAL,0.1445,48.596356635481044,,,,,,noah-live,,,,,,,
model,CC-COX-097,2026-08-12T18:26:28Z,2026-08-12T18:26:28Z,0.0709986210483231,0.0,0.0,NORMAL,0.1445,51.762744305278844,,,,,,noah-live,,,,,,,
model,CC-LB-171,2026-08-12T18:26:28Z,2026-08-12T18:26:28Z,0.09513568511797797,0.0,0.0,NORMAL,0.1445,50.69372372009528,,,,,,noah-live,,,,,,,
model,CC-WCU-2260,2026-08-12T18:26:28Z,2026-08-12T18:26:28Z,4.0,0.0,0.0,NORMAL,0.1445,49.638380026828,,,,,,noah-live,,,,,,,
model,CC-MOUTH-2340,2026-08-12T18:26:28Z,2026-08-12T18:26:28Z,,0.0,0.0,NORMAL,0.1445,49.638380026828,,,,,,noah-live,,,,,,,
obs,CC-SPD-1830,,2026-08-12T18:33:00+00:00,2.52,,,NORMAL,,,Normal,Falling,63.2,1,25380,fiman-live,,,,,,,
model,CC-UP-503,2026-08-12T19:36:13Z,2026-08-12T19:36:13Z,0.1330393759446692,0.0,0.0,NORMAL,0.1445,48.596356635481044,,,,,,noah-live,,,,,,,
model,CC-TIL-705,2026-08-12T19:36:13Z,2026-08-12T19:36:13Z,0.17161395788520717,0.0,0.0,NORMAL,0.1445,48.596356635481044,,,,,,noah-live,,,,,,,
model,CC-MS-1100,2026-08-12T19:36:13Z,2026-08-12T19:36:13Z,0.20148571695154172,0.0,0.0,NORMAL,0.1445,48.596356635481044,,,,,,noah-live,,,,,,,
model,CC-SPD-1830,2026-08-12T19:36:13Z,2026-08-12T19:36:13Z,0.24637955529277195,0.0,0.0,NORMAL,0.1445,48.596356635481044,,,,,,noah-live,,,,,,,
model,CC-COX-097,2026-08-12T19:36:13Z,2026-08-12T19:36:13Z,0.0709986210483231,0.0,0.0,NORMAL,0.1445,51.762744305278844,,,,,,noah-live,,,,,,,
model,CC-LB-171,2026-08-12T19:36:13Z,2026-08-12T19:36:13Z,0.09513568511797797,0.0,0.0,NORMAL,0.1445,50.69372372009528,,,,,,noah-live,,,,,,,
model,CC-WCU-2260,2026-08-12T19:36:13Z,2026-08-12T19:36:13Z,4.0,0.0,0.0,NORMAL,0.1445,49.638380026828,,,,,,noah-live,,,,,,,
model,CC-MOUTH-2340,2026-08-12T19:36:13Z,2026-08-12T19:36:13Z,,0.0,0.0,NORMAL,0.1445,49.638380026828,,,,,,noah-live,,,,,,,
obs,CC-SPD-1830,,2026-08-12T19:33:00+00:00,2.52,,,NORMAL,,,Normal,Constant,64.0,1,25380,fiman-live,,,,,,,
model,CC-UP-503,2026-08-12T20:36:58Z,2026-08-12T20:36:58Z,0.1330393759446692,0.0,0.0,NORMAL,0.1445,48.596356635481044,,,,,,noah-live,,,,,,,
model,CC-TIL-705,2026-08-12T20:36:58Z,2026-08-12T20:36:58Z,0.17161395788520717,0.0,0.0,NORMAL,0.1445,48.596356635481044,,,,,,noah-live,,,,,,,
model,CC-MS-1100,2026-08-12T20:36:58Z,2026-08-12T20:36:58Z,0.20148571695154172,0.0,0.0,NORMAL,0.1445,48.596356635481044,,,,,,noah-live,,,,,,,
model,CC-SPD-1830,2026-08-12T20:36:58Z,2026-08-12T20:36:58Z,0.24637955529277195,0.0,0.0,NORMAL,0.1445,48.596356635481044,,,,,,noah-live,,,,,,,
model,CC-COX-097,2026-08-12T20:36:58Z,2026-08-12T20:36:58Z,0.0709986210483231,0.0,0.0,NORMAL,0.1445,51.762744305278844,,,,,,noah-live,,,,,,,
model,CC-LB-171,2026-08-12T20:36:58Z,2026-08-12T20:36:58Z,0.09513568511797797,0.0,0.0,NORMAL,0.1445,50.69372372009528,,,,,,noah-live,,,,,,,
model,CC-WCU-2260,2026-08-12T20:36:58Z,2026-08-12T20:36:58Z,4.0,0.0,0.0,NORMAL,0.1445,49.638380026828,,,,,,noah-live,,,,,,,
model,CC-MOUTH-2340,2026-08-12T20:36:58Z,2026-08-12T20:36:58Z,,0.0,0.0,NORMAL,0.1445,49.638380026828,,,,,,noah-live,,,,,,,
obs,CC-SPD-1830,,2026-08-12T20:33:00+00:00,2.5,,,NORMAL,,,Normal,Falling,65.7,1,25380,fiman-live,,,,,,,
model,CC-UP-503,2026-08-12T21:38:43Z,2026-08-12T21:38:43Z,0.1330393759446692,0.0,0.0,NORMAL,0.1445,48.596356635481044,,,,,,noah-live,,,,,,,
model,CC-TIL-705,2026-08-12T21:38:43Z,2026-08-12T21:38:43Z,0.17161395788520717,0.0,0.0,NORMAL,0.1445,48.596356635481044,,,,,,noah-live,,,,,,,
model,CC-MS-1100,2026-08-12T21:38:43Z,2026-08-12T21:38:43Z,0.20148571695154172,0.0,0.0,NORMAL,0.1445,48.596356635481044,,,,,,noah-live,,,,,,,
model,CC-SPD-1830,2026-08-12T21:38:43Z,2026-08-12T21:38:43Z,0.24637955529277195,0.0,0.0,NORMAL,0.1445,48.596356635481044,,,,,,noah-live,,,,,,,
model,CC-COX-097,2026-08-12T21:38:43Z,2026-08-12T21:38:43Z,0.0709986210483231,0.0,0.0,NORMAL,0.1445,51.762744305278844,,,,,,noah-live,,,,,,,
model,CC-LB-171,2026-08-12T21:38:43Z,2026-08-12T21:38:43Z,0.09513568511797797,0.0,0.0,NORMAL,0.1445,50.69372372009528,,,,,,noah-live,,,,,,,
model,CC-WCU-2260,2026-08-12T21:38:43Z,2026-08-12T21:38:43Z,4.0,0.0,0.0,NORMAL,0.1445,49.638380026828,,,,,,noah-live,,,,,,,
model,CC-MOUTH-2340,2026-08-12T21:38:43Z,2026-08-12T21:38:43Z,,0.0,0.0,NORMAL,0.1445,49.638380026828,,,,,,noah-live,,,,,,,
obs,CC-SPD-1830,,2026-08-12T21:33:00+00:00,2.48,,,NORMAL,,,Normal,Falling,60.8,1,25380,fiman-live,,,,,,,
model,CC-UP-503,2026-08-12T22:33:46Z,2026-08-12T22:33:46Z,0.1330393759446692,0.0,0.0,NORMAL,0.1445,48.596356635481044,,,,,,noah-live,,,,,,,
model,CC-TIL-705,2026-08-12T22:33:46Z,2026-08-12T22:33:46Z,0.17161395788520717,0.0,0.0,NORMAL,0.1445,48.596356635481044,,,,,,noah-live,,,,,,,
model,CC-MS-1100,2026-08-12T22:33:46Z,2026-08-12T22:33:46Z,0.20148571695154172,0.0,0.0,NORMAL,0.1445,48.596356635481044,,,,,,noah-live,,,,,,,
model,CC-SPD-1830,2026-08-12T22:33:46Z,2026-08-12T22:33:46Z,0.24637955529277195,0.0,0.0,NORMAL,0.1445,48.596356635481044,,,,,,noah-live,,,,,,,
model,CC-COX-097,2026-08-12T22:33:46Z,2026-08-12T22:33:46Z,0.0709986210483231,0.0,0.0,NORMAL,0.1445,51.762744305278844,,,,,,noah-live,,,,,,,
model,CC-LB-171,2026-08-12T22:33:46Z,2026-08-12T22:33:46Z,0.09513568511797797,0.0,0.0,NORMAL,0.1445,50.69372372009528,,,,,,noah-live,,,,,,,
model,CC-WCU-2260,2026-08-12T22:33:46Z,2026-08-12T22:33:46Z,4.0,0.0,0.0,NORMAL,0.1445,49.638380026828,,,,,,noah-live,,,,,,,
model,CC-MOUTH-2340,2026-08-12T22:33:46Z,2026-08-12T22:33:46Z,,0.0,0.0,NORMAL,0.1445,49.638380026828,,,,,,noah-live,,,,,,,
obs,CC-SPD-1830,,2026-08-12T22:33:00+00:00,2.48,,,NORMAL,,,Normal,Constant,61.1,1,25380,fiman-live,,,,,,,
model,CC-UP-503,2026-08-12T23:34:09Z,2026-08-12T23:34:09Z,0.1330393759446692,0.0,0.0,NORMAL,0.1445,48.596356635481044,,,,,,noah-live,,,,,,,
model,CC-TIL-705,2026-08-12T23:34:09Z,2026-08-12T23:34:09Z,0.17161395788520717,0.0,0.0,NORMAL,0.1445,48.596356635481044,,,,,,noah-live,,,,,,,
model,CC-MS-1100,2026-08-12T23:34:09Z,2026-08-12T23:34:09Z,0.20148571695154172,0.0,0.0,NORMAL,0.1445,48.596356635481044,,,,,,noah-live,,,,,,,
model,CC-SPD-1830,2026-08-12T23:34:09Z,2026-08-12T23:34:09Z,0.24637955529277195,0.0,0.0,NORMAL,0.1445,48.596356635481044,,,,,,noah-live,,,,,,,
model,CC-COX-097,2026-08-12T23:34:09Z,2026-08-12T23:34:09Z,0.0709986210483231,0.0,0.0,NORMAL,0.1445,51.762744305278844,,,,,,noah-live,,,,,,,
model,CC-LB-171,2026-08-12T23:34:09Z,2026-08-12T23:34:09Z,0.09513568511797797,0.0,0.0,NORMAL,0.1445,50.69372372009528,,,,,,noah-live,,,,,,,
model,CC-WCU-2260,2026-08-12T23:34:09Z,2026-08-12T23:34:09Z,4.0,0.0,0.0,NORMAL,0.1445,49.638380026828,,,,,,noah-live,,,,,,,
model,CC-MOUTH-2340,2026-08-12T23:34:09Z,2026-08-12T23:34:09Z,,0.0,0.0,NORMAL,0.1445,49.638380026828,,,,,,noah-live,,,,,,,
obs,CC-SPD-1830,,2026-08-13T00:03:00+00:00,2.48,,,NORMAL,,,Normal,Constant,79.6,0,25380,fiman-live,,,,,,,
model,CC-UP-503,2026-08-13T01:22:34Z,2026-08-13T01:22:34Z,0.1330393759446692,0.0,0.0,NORMAL,0.1817,50.10357332510159,,,,,,noah-live,,,,,,,
model,CC-TIL-705,2026-08-13T01:22:34Z,2026-08-13T01:22:34Z,0.17161395788520717,0.0,0.0,NORMAL,0.1817,50.10357332510159,,,,,,noah-live,,,,,,,
model,CC-MS-1100,2026-08-13T01:22:34Z,2026-08-13T01:22:34Z,0.20148571695154172,0.0,0.0,NORMAL,0.1817,50.10357332510159,,,,,,noah-live,,,,,,,
model,CC-SPD-1830,2026-08-13T01:22:34Z,2026-08-13T01:22:34Z,0.24637955529277195,0.0,0.0,NORMAL,0.1817,50.10357332510159,,,,,,noah-live,,,,,,,
model,CC-COX-097,2026-08-13T01:22:34Z,2026-08-13T01:22:34Z,0.0709986210483231,0.0,0.0,NORMAL,0.1817,53.252549964473296,,,,,,noah-live,,,,,,,
model,CC-LB-171,2026-08-13T01:22:34Z,2026-08-13T01:22:34Z,0.09513568511797797,0.0,0.0,NORMAL,0.1817,52.19075178651569,,,,,,noah-live,,,,,,,
model,CC-WCU-2260,2026-08-13T01:22:34Z,2026-08-13T01:22:34Z,4.0,0.0,0.0,NORMAL,0.1817,51.14119933203756,,,,,,noah-live,,,,,,,
model,CC-MOUTH-2340,2026-08-13T01:22:34Z,2026-08-13T01:22:34Z,,0.0,0.0,NORMAL,0.1817,51.14119933203756,,,,,,noah-live,,,,,,,
obs,CC-SPD-1830,,2026-08-13T02:33:00+00:00,2.47,,,NORMAL,,,Normal,Falling,65.8,1,25380,fiman-live,,,,,,,
model,CC-UP-503,2026-08-13T03:38:48Z,2026-08-13T03:38:48Z,0.1330393759446692,0.0,0.0,NORMAL,0.1817,50.10357332510159,,,,,,noah-live,,,,,0.087,0.0,1.0
model,CC-TIL-705,2026-08-13T03:38:48Z,2026-08-13T03:38:48Z,0.17161395788520717,0.0,0.0,NORMAL,0.1817,50.10357332510159,,,,,,noah-live,,,,,0.087,0.0,1.0
model,CC-MS-1100,2026-08-13T03:38:48Z,2026-08-13T03:38:48Z,0.20148571695154172,0.0,0.0,NORMAL,0.1817,50.10357332510159,,,,,,noah-live,,,,,0.087,0.0,1.0
model,CC-SPD-1830,2026-08-13T03:38:48Z,2026-08-13T03:38:48Z,0.24637955529277195,0.0,0.0,NORMAL,0.1817,50.10357332510159,,,,,,noah-live,,,,,0.087,0.0,1.0
model,CC-COX-097,2026-08-13T03:38:48Z,2026-08-13T03:38:48Z,0.0709986210483231,0.0,0.0,NORMAL,0.1817,53.252549964473296,,,,,,noah-live,,,,,0.087,0.0,1.0
model,CC-LB-171,2026-08-13T03:38:48Z,2026-08-13T03:38:48Z,0.09513568511797797,0.0,0.0,NORMAL,0.1817,52.19075178651569,,,,,,noah-live,,,,,0.087,0.0,1.0
model,CC-WCU-2260,2026-08-13T03:38:48Z,2026-08-13T03:38:48Z,4.0,0.0,0.0,NORMAL,0.1817,51.14119933203756,,,,,,noah-live,,,,,0.087,0.0,1.0
model,CC-MOUTH-2340,2026-08-13T03:38:48Z,2026-08-13T03:38:48Z,,0.0,0.0,NORMAL,0.1817,51.14119933203756,,,,,,noah-live,,,,,0.087,0.0,1.0
obs,CC-SPD-1830,,2026-08-13T04:33:00+00:00,2.48,,,NORMAL,,,Normal,Constant,56.5,1,25380,fiman-live,,,,,,,
model,CC-UP-503,2026-08-13T05:29:31Z,2026-08-13T05:29:31Z,0.1330393759446692,0.0,0.0,NORMAL,0.1817,50.10357332510159,,,,,,noah-live,,,,,0.087,0.0,1.0
model,CC-TIL-705,2026-08-13T05:29:31Z,2026-08-13T05:29:31Z,0.17161395788520717,0.0,0.0,NORMAL,0.1817,50.10357332510159,,,,,,noah-live,,,,,0.087,0.0,1.0
model,CC-MS-1100,2026-08-13T05:29:31Z,2026-08-13T05:29:31Z,0.20148571695154172,0.0,0.0,NORMAL,0.1817,50.10357332510159,,,,,,noah-live,,,,,0.087,0.0,1.0
model,CC-SPD-1830,2026-08-13T05:29:31Z,2026-08-13T05:29:31Z,0.24637955529277195,0.0,0.0,NORMAL,0.1817,50.10357332510159,,,,,,noah-live,,,,,0.087,0.0,1.0
model,CC-COX-097,2026-08-13T05:29:31Z,2026-08-13T05:29:31Z,0.0709986210483231,0.0,0.0,NORMAL,0.1817,53.252549964473296,,,,,,noah-live,,,,,0.087,0.0,1.0
model,CC-LB-171,2026-08-13T05:29:31Z,2026-08-13T05:29:31Z,0.09513568511797797,0.0,0.0,NORMAL,0.1817,52.19075178651569,,,,,,noah-live,,,,,0.087,0.0,1.0
model,CC-WCU-2260,2026-08-13T05:29:31Z,2026-08-13T05:29:31Z,4.0,0.0,0.0,NORMAL,0.1817,51.14119933203756,,,,,,noah-live,,,,,0.087,0.0,1.0
model,CC-MOUTH-2340,2026-08-13T05:29:31Z,2026-08-13T05:29:31Z,,0.0,0.0,NORMAL,0.1817,51.14119933203756,,,,,,noah-live,,,,,0.087,0.0,1.0
obs,CC-SPD-1830,,2026-08-13T06:03:00+00:00,2.48,,,NORMAL,,,Normal,Constant,55.6,1,25380,fiman-live,,,,,,,
model,CC-UP-503,2026-08-13T06:58:38Z,2026-08-13T06:58:38Z,0.1330393759446692,0.0,0.0,NORMAL,0.1817,50.10357332510159,,,,,,noah-live,,,,,0.031,0.0,1.0
model,CC-TIL-705,2026-08-13T06:58:38Z,2026-08-13T06:58:38Z,0.17161395788520717,0.0,0.0,NORMAL,0.1817,50.10357332510159,,,,,,noah-live,,,,,0.031,0.0,1.0
model,CC-MS-1100,2026-08-13T06:58:38Z,2026-08-13T06:58:38Z,0.20148571695154172,0.0,0.0,NORMAL,0.1817,50.10357332510159,,,,,,noah-live,,,,,0.031,0.0,1.0
model,CC-SPD-1830,2026-08-13T06:58:38Z,2026-08-13T06:58:38Z,0.24637955529277195,0.0,0.0,NORMAL,0.1817,50.10357332510159,,,,,,noah-live,,,,,0.031,0.0,1.0
model,CC-COX-097,2026-08-13T06:58:38Z,2026-08-13T06:58:38Z,0.0709986210483231,0.0,0.0,NORMAL,0.1817,53.252549964473296,,,,,,noah-live,,,,,0.031,0.0,1.0
model,CC-LB-171,2026-08-13T06:58:38Z,2026-08-13T06:58:38Z,0.09513568511797797,0.0,0.0,NORMAL,0.1817,52.19075178651569,,,,,,noah-live,,,,,0.031,0.0,1.0
model,CC-WCU-2260,2026-08-13T06:58:38Z,2026-08-13T06:58:38Z,4.0,0.0,0.0,NORMAL,0.1817,51.14119933203756,,,,,,noah-live,,,,,0.031,0.0,1.0
model,CC-MOUTH-2340,2026-08-13T06:58:38Z,2026-08-13T06:58:38Z,,0.0,0.0,NORMAL,0.1817,51.14119933203756,,,,,,noah-live,,,,,0.031,0.0,1.0
obs,CC-SPD-1830,,2026-08-13T07:03:00+00:00,2.48,,,NORMAL,,,Normal,Constant,80.2,0,25380,fiman-live,,,,,,,
model,CC-UP-503,2026-08-13T08:23:11Z,2026-08-13T08:23:11Z,0.1330393759446692,0.0,0.0,NORMAL,0.1817,50.10357332510159,,,,,,noah-live,,,,,0.031,0.0,1.0
model,CC-TIL-705,2026-08-13T08:23:11Z,2026-08-13T08:23:11Z,0.17161395788520717,0.0,0.0,NORMAL,0.1817,50.10357332510159,,,,,,noah-live,,,,,0.031,0.0,1.0
model,CC-MS-1100,2026-08-13T08:23:11Z,2026-08-13T08:23:11Z,0.20148571695154172,0.0,0.0,NORMAL,0.1817,50.10357332510159,,,,,,noah-live,,,,,0.031,0.0,1.0
model,CC-SPD-1830,2026-08-13T08:23:11Z,2026-08-13T08:23:11Z,0.24637955529277195,0.0,0.0,NORMAL,0.1817,50.10357332510159,,,,,,noah-live,,,,,0.031,0.0,1.0
model,CC-COX-097,2026-08-13T08:23:11Z,2026-08-13T08:23:11Z,0.0709986210483231,0.0,0.0,NORMAL,0.1817,53.252549964473296,,,,,,noah-live,,,,,0.031,0.0,1.0
model,CC-LB-171,2026-08-13T08:23:11Z,2026-08-13T08:23:11Z,0.09513568511797797,0.0,0.0,NORMAL,0.1817,52.19075178651569,,,,,,noah-live,,,,,0.031,0.0,1.0
model,CC-WCU-2260,2026-08-13T08:23:11Z,2026-08-13T08:23:11Z,4.0,0.0,0.0,NORMAL,0.1817,51.14119933203756,,,,,,noah-live,,,,,0.031,0.0,1.0
model,CC-MOUTH-2340,2026-08-13T08:23:11Z,2026-08-13T08:23:11Z,,0.0,0.0,NORMAL,0.1817,51.14119933203756,,,,,,noah-live,,,,,0.031,0.0,1.0
obs,CC-SPD-1830,,2026-08-13T08:33:00+00:00,2.49,,,NORMAL,,,Normal,Constant,66.2,1,25380,fiman-live,,,,,,,
model,CC-UP-503,2026-08-13T09:39:16Z,2026-08-13T09:39:16Z,0.1330393759446692,0.0,0.0,NORMAL,0.1817,50.10357332510159,,,,,,noah-live,,,,,0.024,0.0,1.0
model,CC-TIL-705,2026-08-13T09:39:16Z,2026-08-13T09:39:16Z,0.17161395788520717,0.0,0.0,NORMAL,0.1817,50.10357332510159,,,,,,noah-live,,,,,0.024,0.0,1.0
model,CC-MS-1100,2026-08-13T09:39:16Z,2026-08-13T09:39:16Z,0.20148571695154172,0.0,0.0,NORMAL,0.1817,50.10357332510159,,,,,,noah-live,,,,,0.024,0.0,1.0
model,CC-SPD-1830,2026-08-13T09:39:16Z,2026-08-13T09:39:16Z,0.24637955529277195,0.0,0.0,NORMAL,0.1817,50.10357332510159,,,,,,noah-live,,,,,0.024,0.0,1.0
model,CC-COX-097,2026-08-13T09:39:16Z,2026-08-13T09:39:16Z,0.0709986210483231,0.0,0.0,NORMAL,0.1817,53.252549964473296,,,,,,noah-live,,,,,0.024,0.0,1.0
model,CC-LB-171,2026-08-13T09:39:16Z,2026-08-13T09:39:16Z,0.09513568511797797,0.0,0.0,NORMAL,0.1817,52.19075178651569,,,,,,noah-live,,,,,0.024,0.0,1.0
model,CC-WCU-2260,2026-08-13T09:39:16Z,2026-08-13T09:39:16Z,4.0,0.0,0.0,NORMAL,0.1817,51.14119933203756,,,,,,noah-live,,,,,0.024,0.0,1.0
model,CC-MOUTH-2340,2026-08-13T09:39:16Z,2026-08-13T09:39:16Z,,0.0,0.0,NORMAL,0.1817,51.14119933203756,,,,,,noah-live,,,,,0.024,0.0,1.0
obs,CC-SPD-1830,,2026-08-13T10:03:00+00:00,2.49,,,NORMAL,,,Normal,Constant,53.7,1,25380,fiman-live,,,,,,,
model,CC-UP-503,2026-08-13T10:56:41Z,2026-08-13T10:56:41Z,0.1330393759446692,0.0,0.0,NORMAL,0.1817,50.10357332510159,,,,,,noah-live,,,,,0.024,0.0,1.0
model,CC-TIL-705,2026-08-13T10:56:41Z,2026-08-13T10:56:41Z,0.17161395788520717,0.0,0.0,NORMAL,0.1817,50.10357332510159,,,,,,noah-live,,,,,0.024,0.0,1.0
model,CC-MS-1100,2026-08-13T10:56:41Z,2026-08-13T10:56:41Z,0.20148571695154172,0.0,0.0,NORMAL,0.1817,50.10357332510159,,,,,,noah-live,,,,,0.024,0.0,1.0
model,CC-SPD-1830,2026-08-13T10:56:41Z,2026-08-13T10:56:41Z,0.24637955529277195,0.0,0.0,NORMAL,0.1817,50.10357332510159,,,,,,noah-live,,,,,0.024,0.0,1.0
model,CC-COX-097,2026-08-13T10:56:41Z,2026-08-13T10:56:41Z,0.0709986210483231,0.0,0.0,NORMAL,0.1817,53.252549964473296,,,,,,noah-live,,,,,0.024,0.0,1.0
model,CC-LB-171,2026-08-13T10:56:41Z,2026-08-13T10:56:41Z,0.09513568511797797,0.0,0.0,NORMAL,0.1817,52.19075178651569,,,,,,noah-live,,,,,0.024,0.0,1.0
model,CC-WCU-2260,2026-08-13T10:56:41Z,2026-08-13T10:56:41Z,4.0,0.0,0.0,NORMAL,0.1817,51.14119933203756,,,,,,noah-live,,,,,0.024,0.0,1.0
model,CC-MOUTH-2340,2026-08-13T10:56:41Z,2026-08-13T10:56:41Z,,0.0,0.0,NORMAL,0.1817,51.14119933203756,,,,,,noah-live,,,,,0.024,0.0,1.0
obs,CC-SPD-1830,,2026-08-13T10:33:00+00:00,2.49,,,NORMAL,,,Normal,Constant,70.5,1,25380,fiman-live,,,,,,,
model,CC-UP-503,2026-08-13T11:43:31Z,2026-08-13T11:43:31Z,0.1330393759446692,0.0,0.0,NORMAL,0.1817,50.10357332510159,,,,,,noah-live,,,,,0.024,0.0,1.0
model,CC-TIL-705,2026-08-13T11:43:31Z,2026-08-13T11:43:31Z,0.17161395788520717,0.0,0.0,NORMAL,0.1817,50.10357332510159,,,,,,noah-live,,,,,0.024,0.0,1.0
model,CC-MS-1100,2026-08-13T11:43:31Z,2026-08-13T11:43:31Z,0.20148571695154172,0.0,0.0,NORMAL,0.1817,50.10357332510159,,,,,,noah-live,,,,,0.024,0.0,1.0
model,CC-SPD-1830,2026-08-13T11:43:31Z,2026-08-13T11:43:31Z,0.24637955529277195,0.0,0.0,NORMAL,0.1817,50.10357332510159,,,,,,noah-live,,,,,0.024,0.0,1.0
model,CC-COX-097,2026-08-13T11:43:31Z,2026-08-13T11:43:31Z,0.0709986210483231,0.0,0.0,NORMAL,0.1817,53.252549964473296,,,,,,noah-live,,,,,0.024,0.0,1.0
model,CC-LB-171,2026-08-13T11:43:31Z,2026-08-13T11:43:31Z,0.09513568511797797,0.0,0.0,NORMAL,0.1817,52.19075178651569,,,,,,noah-live,,,,,0.024,0.0,1.0
model,CC-WCU-2260,2026-08-13T11:43:31Z,2026-08-13T11:43:31Z,4.0,0.0,0.0,NORMAL,0.1817,51.14119933203756,,,,,,noah-live,,,,,0.024,0.0,1.0
model,CC-MOUTH-2340,2026-08-13T11:43:31Z,2026-08-13T11:43:31Z,,0.0,0.0,NORMAL,0.1817,51.14119933203756,,,,,,noah-live,,,,,0.024,0.0,1.0
obs,CC-SPD-1830,,2026-08-13T12:03:00+00:00,2.49,,,NORMAL,,,Normal,Constant,53.0,1,25380,fiman-live,,,,,,,
model,CC-UP-503,2026-08-13T12:55:59Z,2026-08-13T12:55:59Z,0.1330393759446692,0.0,0.0,NORMAL,0.1817,50.10357332510159,,,,,,noah-live,,,,,0.063,0.0,1.0
model,CC-TIL-705,2026-08-13T12:55:59Z,2026-08-13T12:55:59Z,0.17161395788520717,0.0,0.0,NORMAL,0.1817,50.10357332510159,,,,,,noah-live,,,,,0.063,0.0,1.0
model,CC-MS-1100,2026-08-13T12:55:59Z,2026-08-13T12:55:59Z,0.20148571695154172,0.0,0.0,NORMAL,0.1817,50.10357332510159,,,,,,noah-live,,,,,0.063,0.0,1.0
model,CC-SPD-1830,2026-08-13T12:55:59Z,2026-08-13T12:55:59Z,0.24637955529277195,0.0,0.0,NORMAL,0.1817,50.10357332510159,,,,,,noah-live,,,,,0.063,0.0,1.0
model,CC-COX-097,2026-08-13T12:55:59Z,2026-08-13T12:55:59Z,0.0709986210483231,0.0,0.0,NORMAL,0.1817,53.252549964473296,,,,,,noah-live,,,,,0.063,0.0,1.0
model,CC-LB-171,2026-08-13T12:55:59Z,2026-08-13T12:55:59Z,0.09513568511797797,0.0,0.0,NORMAL,0.1817,52.19075178651569,,,,,,noah-live,,,,,0.063,0.0,1.0
model,CC-WCU-2260,2026-08-13T12:55:59Z,2026-08-13T12:55:59Z,4.0,0.0,0.0,NORMAL,0.1817,51.14119933203756,,,,,,noah-live,,,,,0.063,0.0,1.0
model,CC-MOUTH-2340,2026-08-13T12:55:59Z,2026-08-13T12:55:59Z,,0.0,0.0,NORMAL,0.1817,51.14119933203756,,,,,,noah-live,,,,,0.063,0.0,1.0
obs,CC-SPD-1830,,2026-08-13T13:33:00+00:00,2.48,,,NORMAL,,,Normal,Constant,47.4,1,25380,fiman-live,,,,,,,
model,CC-UP-503,2026-08-13T14:20:24Z,2026-08-13T14:20:24Z,0.1330393759446692,0.0,0.0,NORMAL,0.1817,50.10357332510159,,,,,,noah-live,,,,,0.063,0.0,1.0
model,CC-TIL-705,2026-08-13T14:20:24Z,2026-08-13T14:20:24Z,0.17161395788520717,0.0,0.0,NORMAL,0.1817,50.10357332510159,,,,,,noah-live,,,,,0.063,0.0,1.0
model,CC-MS-1100,2026-08-13T14:20:24Z,2026-08-13T14:20:24Z,0.20148571695154172,0.0,0.0,NORMAL,0.1817,50.10357332510159,,,,,,noah-live,,,,,0.063,0.0,1.0
model,CC-SPD-1830,2026-08-13T14:20:24Z,2026-08-13T14:20:24Z,0.24637955529277195,0.0,0.0,NORMAL,0.1817,50.10357332510159,,,,,,noah-live,,,,,0.063,0.0,1.0
model,CC-COX-097,2026-08-13T14:20:24Z,2026-08-13T14:20:24Z,0.0709986210483231,0.0,0.0,NORMAL,0.1817,53.252549964473296,,,,,,noah-live,,,,,0.063,0.0,1.0
model,CC-LB-171,2026-08-13T14:20:24Z,2026-08-13T14:20:24Z,0.09513568511797797,0.0,0.0,NORMAL,0.1817,52.19075178651569,,,,,,noah-live,,,,,0.063,0.0,1.0
model,CC-WCU-2260,2026-08-13T14:20:24Z,2026-08-13T14:20:24Z,4.0,0.0,0.0,NORMAL,0.1817,51.14119933203756,,,,,,noah-live,,,,,0.063,0.0,1.0
model,CC-MOUTH-2340,2026-08-13T14:20:24Z,2026-08-13T14:20:24Z,,0.0,0.0,NORMAL,0.1817,51.14119933203756,,,,,,noah-live,,,,,0.063,0.0,1.0
obs,CC-SPD-1830,,2026-08-13T14:33:00+00:00,2.49,,,NORMAL,,,Normal,Constant,56.8,1,25380,fiman-live,,,,,,,
model,CC-UP-503,2026-08-13T15:29:50Z,2026-08-13T15:29:50Z,0.1330393759446692,0.0,0.0,NORMAL,0.1817,50.10357332510159,,,,,,noah-live,,,,,0.063,0.0,1.0
model,CC-TIL-705,2026-08-13T15:29:50Z,2026-08-13T15:29:50Z,0.17161395788520717,0.0,0.0,NORMAL,0.1817,50.10357332510159,,,,,,noah-live,,,,,0.063,0.0,1.0
model,CC-MS-1100,2026-08-13T15:29:50Z,2026-08-13T15:29:50Z,0.20148571695154172,0.0,0.0,NORMAL,0.1817,50.10357332510159,,,,,,noah-live,,,,,0.063,0.0,1.0
model,CC-SPD-1830,2026-08-13T15:29:50Z,2026-08-13T15:29:50Z,0.24637955529277195,0.0,0.0,NORMAL,0.1817,50.10357332510159,,,,,,noah-live,,,,,0.063,0.0,1.0
model,CC-COX-097,2026-08-13T15:29:50Z,2026-08-13T15:29:50Z,0.0709986210483231,0.0,0.0,NORMAL,0.1817,53.252549964473296,,,,,,noah-live,,,,,0.063,0.0,1.0
model,CC-LB-171,2026-08-13T15:29:50Z,2026-08-13T15:29:50Z,0.09513568511797797,0.0,0.0,NORMAL,0.1817,52.19075178651569,,,,,,noah-live,,,,,0.063,0.0,1.0
model,CC-WCU-2260,2026-08-13T15:29:50Z,2026-08-13T15:29:50Z,4.0,0.0,0.0,NORMAL,0.1817,51.14119933203756,,,,,,noah-live,,,,,0.063,0.0,1.0
model,CC-MOUTH-2340,2026-08-13T15:29:50Z,2026-08-13T15:29:50Z,,0.0,0.0,NORMAL,0.1817,51.14119933203756,,,,,,noah-live,,,,,0.063,0.0,1.0
obs,CC-SPD-1830,,2026-08-13T15:33:00+00:00,2.5,,,NORMAL,,,Normal,Rising,53.8,1,25380,fiman-live,,,,,,,
model,CC-UP-503,2026-08-13T16:26:47Z,2026-08-13T16:26:47Z,0.1330393759446692,0.0,0.0,NORMAL,0.1817,50.10357332510159,,,,,,noah-live,,,,,0.063,0.0,1.0
model,CC-TIL-705,2026-08-13T16:26:47Z,2026-08-13T16:26:47Z,0.17161395788520717,0.0,0.0,NORMAL,0.1817,50.10357332510159,,,,,,noah-live,,,,,0.063,0.0,1.0
model,CC-MS-1100,2026-08-13T16:26:47Z,2026-08-13T16:26:47Z,0.20148571695154172,0.0,0.0,NORMAL,0.1817,50.10357332510159,,,,,,noah-live,,,,,0.063,0.0,1.0
model,CC-SPD-1830,2026-08-13T16:26:47Z,2026-08-13T16:26:47Z,0.24637955529277195,0.0,0.0,NORMAL,0.1817,50.10357332510159,,,,,,noah-live,,,,,0.063,0.0,1.0
model,CC-COX-097,2026-08-13T16:26:47Z,2026-08-13T16:26:47Z,0.0709986210483231,0.0,0.0,NORMAL,0.1817,53.252549964473296,,,,,,noah-live,,,,,0.063,0.0,1.0
model,CC-LB-171,2026-08-13T16:26:47Z,2026-08-13T16:26:47Z,0.09513568511797797,0.0,0.0,NORMAL,0.1817,52.19075178651569,,,,,,noah-live,,,,,0.063,0.0,1.0
model,CC-WCU-2260,2026-08-13T16:26:47Z,2026-08-13T16:26:47Z,4.0,0.0,0.0,NORMAL,0.1817,51.14119933203756,,,,,,noah-live,,,,,0.063,0.0,1.0
model,CC-MOUTH-2340,2026-08-13T16:26:47Z,2026-08-13T16:26:47Z,,0.0,0.0,NORMAL,0.1817,51.14119933203756,,,,,,noah-live,,,,,0.063,0.0,1.0
obs,CC-SPD-1830,,2026-08-13T16:33:00+00:00,2.47,,,NORMAL,,,Normal,Falling,55.3,1,25380,fiman-live,,,,,,,
model,CC-UP-503,2026-08-13T17:28:17Z,2026-08-13T17:28:17Z,0.1330393759446692,0.0,0.0,NORMAL,0.1817,50.10357332510159,,,,,,noah-live,,,,,0.063,0.0,1.0
model,CC-TIL-705,2026-08-13T17:28:17Z,2026-08-13T17:28:17Z,0.17161395788520717,0.0,0.0,NORMAL,0.1817,50.10357332510159,,,,,,noah-live,,,,,0.063,0.0,1.0
model,CC-MS-1100,2026-08-13T17:28:17Z,2026-08-13T17:28:17Z,0.20148571695154172,0.0,0.0,NORMAL,0.1817,50.10357332510159,,,,,,noah-live,,,,,0.063,0.0,1.0
model,CC-SPD-1830,2026-08-13T17:28:17Z,2026-08-13T17:28:17Z,0.24637955529277195,0.0,0.0,NORMAL,0.1817,50.10357332510159,,,,,,noah-live,,,,,0.063,0.0,1.0
model,CC-COX-097,2026-08-13T17:28:17Z,2026-08-13T17:28:17Z,0.0709986210483231,0.0,0.0,NORMAL,0.1817,53.252549964473296,,,,,,noah-live,,,,,0.063,0.0,1.0
model,CC-LB-171,2026-08-13T17:28:17Z,2026-08-13T17:28:17Z,0.09513568511797797,0.0,0.0,NORMAL,0.1817,52.19075178651569,,,,,,noah-live,,,,,0.063,0.0,1.0
model,CC-WCU-2260,2026-08-13T17:28:17Z,2026-08-13T17:28:17Z,4.0,0.0,0.0,NORMAL,0.1817,51.14119933203756,,,,,,noah-live,,,,,0.063,0.0,1.0
model,CC-MOUTH-2340,2026-08-13T17:28:17Z,2026-08-13T17:28:17Z,,0.0,0.0,NORMAL,0.1817,51.14119933203756,,,,,,noah-live,,,,,0.063,0.0,1.0
obs,CC-SPD-1830,,2026-08-13T17:33:00+00:00,2.49,,,NORMAL,,,Normal,Constant,55.0,1,25380,fiman-live,,,,,,,
model,CC-UP-503,2026-08-13T18:28:04Z,2026-08-13T18:28:04Z,0.1330393759446692,0.0,0.0,NORMAL,0.1817,50.10357332510159,,,,,,noah-live,,,,,0.063,0.0,1.0
model,CC-TIL-705,2026-08-13T18:28:04Z,2026-08-13T18:28:04Z,0.17161395788520717,0.0,0.0,NORMAL,0.1817,50.10357332510159,,,,,,noah-live,,,,,0.063,0.0,1.0
model,CC-MS-1100,2026-08-13T18:28:04Z,2026-08-13T18:28:04Z,0.20148571695154172,0.0,0.0,NORMAL,0.1817,50.10357332510159,,,,,,noah-live,,,,,0.063,0.0,1.0
model,CC-SPD-1830,2026-08-13T18:28:04Z,2026-08-13T18:28:04Z,0.24637955529277195,0.0,0.0,NORMAL,0.1817,50.10357332510159,,,,,,noah-live,,,,,0.063,0.0,1.0
model,CC-COX-097,2026-08-13T18:28:04Z,2026-08-13T18:28:04Z,0.0709986210483231,0.0,0.0,NORMAL,0.1817,53.252549964473296,,,,,,noah-live,,,,,0.063,0.0,1.0
model,CC-LB-171,2026-08-13T18:28:04Z,2026-08-13T18:28:04Z,0.09513568511797797,0.0,0.0,NORMAL,0.1817,52.19075178651569,,,,,,noah-live,,,,,0.063,0.0,1.0
model,CC-WCU-2260,2026-08-13T18:28:04Z,2026-08-13T18:28:04Z,4.0,0.0,0.0,NORMAL,0.1817,51.14119933203756,,,,,,noah-live,,,,,0.063,0.0,1.0
model,CC-MOUTH-2340,2026-08-13T18:28:04Z,2026-08-13T18:28:04Z,,0.0,0.0,NORMAL,0.1817,51.14119933203756,,,,,,noah-live,,,,,0.063,0.0,1.0
obs,CC-SPD-1830,,2026-08-13T18:33:00+00:00,2.48,,,NORMAL,,,Normal,Constant,61.8,1,25380,fiman-live,,,,,,,
model,CC-UP-503,2026-08-13T19:34:51Z,2026-08-13T19:34:51Z,0.1330393759446692,0.0,0.0,NORMAL,0.1817,50.10357332510159,,,,,,noah-live,,,,,0.004,0.0,1.0
model,CC-TIL-705,2026-08-13T19:34:51Z,2026-08-13T19:34:51Z,0.17161395788520717,0.0,0.0,NORMAL,0.1817,50.10357332510159,,,,,,noah-live,,,,,0.004,0.0,1.0
model,CC-MS-1100,2026-08-13T19:34:51Z,2026-08-13T19:34:51Z,0.20148571695154172,0.0,0.0,NORMAL,0.1817,50.10357332510159,,,,,,noah-live,,,,,0.004,0.0,1.0
model,CC-SPD-1830,2026-08-13T19:34:51Z,2026-08-13T19:34:51Z,0.24637955529277195,0.0,0.0,NORMAL,0.1817,50.10357332510159,,,,,,noah-live,,,,,0.004,0.0,1.0
model,CC-COX-097,2026-08-13T19:34:51Z,2026-08-13T19:34:51Z,0.0709986210483231,0.0,0.0,NORMAL,0.1817,53.252549964473296,,,,,,noah-live,,,,,0.004,0.004,1.0
model,CC-LB-171,2026-08-13T19:34:51Z,2026-08-13T19:34:51Z,0.09513568511797797,0.0,0.0,NORMAL,0.1817,52.19075178651569,,,,,,noah-live,,,,,0.004,0.007,1.0
model,CC-WCU-2260,2026-08-13T19:34:51Z,2026-08-13T19:34:51Z,4.0,0.0,0.0,NORMAL,0.1817,51.14119933203756,,,,,,noah-live,,,,,0.004,0.001,1.0
model,CC-MOUTH-2340,2026-08-13T19:34:51Z,2026-08-13T19:34:51Z,,0.0,0.0,NORMAL,0.1817,51.14119933203756,,,,,,noah-live,,,,,0.004,0.001,1.0
obs,CC-SPD-1830,,2026-08-13T19:33:00+00:00,2.48,,,NORMAL,,,Normal,Constant,62.3,1,25380,fiman-live,,,,,,,
model,CC-UP-503,2026-08-13T20:35:19Z,2026-08-13T20:35:19Z,0.1330393759446692,0.0,0.0,NORMAL,0.1817,50.10357332510159,,,,,,noah-live,,,,,0.098,0.0,1.0
model,CC-TIL-705,2026-08-13T20:35:19Z,2026-08-13T20:35:19Z,0.17161395788520717,0.0,0.0,NORMAL,0.1817,50.10357332510159,,,,,,noah-live,,,,,0.098,0.0,1.0
model,CC-MS-1100,2026-08-13T20:35:19Z,2026-08-13T20:35:19Z,0.20148571695154172,0.0,0.0,NORMAL,0.1817,50.10357332510159,,,,,,noah-live,,,,,0.098,0.0,1.0
model,CC-SPD-1830,2026-08-13T20:35:19Z,2026-08-13T20:35:19Z,0.24637955529277195,0.0,0.0,NORMAL,0.1817,50.10357332510159,,,,,,noah-live,,,,,0.098,0.0,1.0
model,CC-COX-097,2026-08-13T20:35:19Z,2026-08-13T20:35:19Z,0.0709986210483231,0.0,0.0,NORMAL,0.1817,53.252549964473296,,,,,,noah-live,,,,,0.098,0.0,1.0
model,CC-LB-171,2026-08-13T20:35:19Z,2026-08-13T20:35:19Z,0.09513568511797797,0.0,0.0,NORMAL,0.1817,52.19075178651569,,,,,,noah-live,,,,,0.098,0.0,1.0
model,CC-WCU-2260,2026-08-13T20:35:19Z,2026-08-13T20:35:19Z,4.0,0.0,0.0,NORMAL,0.1817,51.14119933203756,,,,,,noah-live,,,,,0.098,0.0,1.0
model,CC-MOUTH-2340,2026-08-13T20:35:19Z,2026-08-13T20:35:19Z,,0.0,0.0,NORMAL,0.1817,51.14119933203756,,,,,,noah-live,,,,,0.098,0.0,1.0
obs,CC-SPD-1830,,2026-08-13T20:33:00+00:00,2.47,,,NORMAL,,,Normal,Constant,65.5,1,25380,fiman-live,,,,,,,
model,CC-UP-503,2026-08-13T21:38:30Z,2026-08-13T21:38:30Z,0.1330393759446692,0.0,0.0,NORMAL,0.1817,50.10357332510159,,,,,,noah-live,,,,,0.098,0.0,1.0
model,CC-TIL-705,2026-08-13T21:38:30Z,2026-08-13T21:38:30Z,0.17161395788520717,0.0,0.0,NORMAL,0.1817,50.10357332510159,,,,,,noah-live,,,,,0.098,0.0,1.0
model,CC-MS-1100,2026-08-13T21:38:30Z,2026-08-13T21:38:30Z,0.20148571695154172,0.0,0.0,NORMAL,0.1817,50.10357332510159,,,,,,noah-live,,,,,0.098,0.0,1.0
model,CC-SPD-1830,2026-08-13T21:38:30Z,2026-08-13T21:38:30Z,0.24637955529277195,0.0,0.0,NORMAL,0.1817,50.10357332510159,,,,,,noah-live,,,,,0.098,0.0,1.0
model,CC-COX-097,2026-08-13T21:38:30Z,2026-08-13T21:38:30Z,0.0709986210483231,0.0,0.0,NORMAL,0.1817,53.252549964473296,,,,,,noah-live,,,,,0.098,0.0,1.0
model,CC-LB-171,2026-08-13T21:38:30Z,2026-08-13T21:38:30Z,0.09513568511797797,0.0,0.0,NORMAL,0.1817,52.19075178651569,,,,,,noah-live,,,,,0.098,0.0,1.0
model,CC-WCU-2260,2026-08-13T21:38:30Z,2026-08-13T21:38:30Z,4.0,0.0,0.0,NORMAL,0.1817,51.14119933203756,,,,,,noah-live,,,,,0.098,0.0,1.0
model,CC-MOUTH-2340,2026-08-13T21:38:30Z,2026-08-13T21:38:30Z,,0.0,0.0,NORMAL,0.1817,51.14119933203756,,,,,,noah-live,,,,,0.098,0.0,1.0
obs,CC-SPD-1830,,2026-08-13T21:33:00+00:00,2.46,,,NORMAL,,,Normal,Falling,61.5,1,25380,fiman-live,,,,,,,
model,CC-UP-503,2026-08-13T22:34:32Z,2026-08-13T22:34:32Z,0.1330393759446692,0.0,0.0,NORMAL,0.1817,50.10357332510159,,,,,,noah-live,,,,,0.098,0.0,1.0
model,CC-TIL-705,2026-08-13T22:34:32Z,2026-08-13T22:34:32Z,0.17161395788520717,0.0,0.0,NORMAL,0.1817,50.10357332510159,,,,,,noah-live,,,,,0.098,0.0,1.0
model,CC-MS-1100,2026-08-13T22:34:32Z,2026-08-13T22:34:32Z,0.20148571695154172,0.0,0.0,NORMAL,0.1817,50.10357332510159,,,,,,noah-live,,,,,0.098,0.0,1.0
model,CC-SPD-1830,2026-08-13T22:34:32Z,2026-08-13T22:34:32Z,0.24637955529277195,0.0,0.0,NORMAL,0.1817,50.10357332510159,,,,,,noah-live,,,,,0.098,0.0,1.0
model,CC-COX-097,2026-08-13T22:34:32Z,2026-08-13T22:34:32Z,0.0709986210483231,0.0,0.0,NORMAL,0.1817,53.252549964473296,,,,,,noah-live,,,,,0.098,0.0,1.0
model,CC-LB-171,2026-08-13T22:34:32Z,2026-08-13T22:34:32Z,0.09513568511797797,0.0,0.0,NORMAL,0.1817,52.19075178651569,,,,,,noah-live,,,,,0.098,0.0,1.0
model,CC-WCU-2260,2026-08-13T22:34:32Z,2026-08-13T22:34:32Z,4.0,0.0,0.0,NORMAL,0.1817,51.14119933203756,,,,,,noah-live,,,,,0.098,0.0,1.0
model,CC-MOUTH-2340,2026-08-13T22:34:32Z,2026-08-13T22:34:32Z,,0.0,0.0,NORMAL,0.1817,51.14119933203756,,,,,,noah-live,,,,,0.098,0.0,1.0
obs,CC-SPD-1830,,2026-08-13T22:33:00+00:00,2.44,,,NORMAL,,,Normal,Falling,61.7,1,25380,fiman-live,,,,,,,
model,CC-UP-503,2026-08-13T23:34:43Z,2026-08-13T23:34:43Z,0.1330393759446692,0.0,0.0,NORMAL,0.1817,50.10357332510159,,,,,,noah-live,,,,,0.098,0.0,1.0
model,CC-TIL-705,2026-08-13T23:34:43Z,2026-08-13T23:34:43Z,0.17161395788520717,0.0,0.0,NORMAL,0.1817,50.10357332510159,,,,,,noah-live,,,,,0.098,0.0,1.0
model,CC-MS-1100,2026-08-13T23:34:43Z,2026-08-13T23:34:43Z,0.20148571695154172,0.0,0.0,NORMAL,0.1817,50.10357332510159,,,,,,noah-live,,,,,0.098,0.0,1.0
model,CC-SPD-1830,2026-08-13T23:34:43Z,2026-08-13T23:34:43Z,0.24637955529277195,0.0,0.0,NORMAL,0.1817,50.10357332510159,,,,,,noah-live,,,,,0.098,0.0,1.0
model,CC-COX-097,2026-08-13T23:34:43Z,2026-08-13T23:34:43Z,0.0709986210483231,0.0,0.0,NORMAL,0.1817,53.252549964473296,,,,,,noah-live,,,,,0.098,0.0,1.0
model,CC-LB-171,2026-08-13T23:34:43Z,2026-08-13T23:34:43Z,0.09513568511797797,0.0,0.0,NORMAL,0.1817,52.19075178651569,,,,,,noah-live,,,,,0.098,0.0,1.0
model,CC-WCU-2260,2026-08-13T23:34:43Z,2026-08-13T23:34:43Z,4.0,0.0,0.0,NORMAL,0.1817,51.14119933203756,,,,,,noah-live,,,,,0.098,0.0,1.0
model,CC-MOUTH-2340,2026-08-13T23:34:43Z,2026-08-13T23:34:43Z,,0.0,0.0,NORMAL,0.1817,51.14119933203756,,,,,,noah-live,,,,,0.098,0.0,1.0
obs,CC-SPD-1830,,2026-08-14T22:33:00+00:00,2.45,,,NORMAL,,,Normal,Constant,73.0,1,25380,fiman-live,,,,,,,
model,CC-UP-503,2026-08-14T23:46:00Z,2026-08-14T23:46:00Z,0.1330393759446692,0.0,0.0,NORMAL,0.1635,49.36617161136251,,,,,,noah-live,,,,,0.142,0.033,1.0
model,CC-TIL-705,2026-08-14T23:46:00Z,2026-08-14T23:46:00Z,0.17161395788520717,0.0,0.0,NORMAL,0.1635,49.36617161136251,,,,,,noah-live,,,,,0.142,0.015,1.0
model,CC-MS-1100,2026-08-14T23:46:00Z,2026-08-14T23:46:00Z,0.20148571695154172,0.0,0.0,NORMAL,0.1635,49.36617161136251,,,,,,noah-live,,,,,0.142,0.017,1.0
model,CC-SPD-1830,2026-08-14T23:46:00Z,2026-08-14T23:46:00Z,0.24637955529277195,0.0,0.0,NORMAL,0.1635,49.36617161136251,,,,,,noah-live,,,,,0.142,0.016,1.0
model,CC-COX-097,2026-08-14T23:46:00Z,2026-08-14T23:46:00Z,0.0709986210483231,0.0,0.0,NORMAL,0.1635,52.52366655056633,,,,,,noah-live,,,,,0.142,0.01,1.0
model,CC-LB-171,2026-08-14T23:46:00Z,2026-08-14T23:46:00Z,0.09513568511797797,0.0,0.0,NORMAL,0.1635,51.4583348292885,,,,,,noah-live,,,,,0.142,0.004,1.0
model,CC-WCU-2260,2026-08-14T23:46:00Z,2026-08-14T23:46:00Z,4.0,0.0,0.0,NORMAL,0.1635,50.40594902680063,,,,,,noah-live,,,,,0.142,0.015,1.0
model,CC-MOUTH-2340,2026-08-14T23:46:00Z,2026-08-14T23:46:00Z,,0.0,0.0,NORMAL,0.1635,50.40594902680063,,,,,,noah-live,,,,,0.142,0.015,1.0
obs,CC-SPD-1830,,2026-08-14T23:33:00+00:00,2.46,,,NORMAL,,,Normal,Constant,79.8,0,25380,fiman-live,,,,,,,
model,CC-UP-503,2026-08-15T00:52:51Z,2026-08-15T00:52:51Z,0.1330393759446692,0.0,0.0,NORMAL,0.1457,48.64497652869461,,,,,,noah-live,,,,,0.13,0.0,1.0
model,CC-TIL-705,2026-08-15T00:52:51Z,2026-08-15T00:52:51Z,0.17161395788520717,0.0,0.0,NORMAL,0.1457,48.64497652869461,,,,,,noah-live,,,,,0.13,0.0,1.0
model,CC-MS-1100,2026-08-15T00:52:51Z,2026-08-15T00:52:51Z,0.20148571695154172,0.0,0.0,NORMAL,0.1457,48.64497652869461,,,,,,noah-live,,,,,0.13,0.0,1.0
model,CC-SPD-1830,2026-08-15T00:52:51Z,2026-08-15T00:52:51Z,0.24637955529277195,0.0,0.0,NORMAL,0.1457,48.64497652869461,,,,,,noah-live,,,,,0.13,0.0,1.0
model,CC-COX-097,2026-08-15T00:52:51Z,2026-08-15T00:52:51Z,0.0709986210483231,0.0,0.0,NORMAL,0.1457,51.810802552349635,,,,,,noah-live,,,,,0.13,0.0,1.0
model,CC-LB-171,2026-08-15T00:52:51Z,2026-08-15T00:52:51Z,0.09513568511797797,0.0,0.0,NORMAL,0.1457,50.74201494804433,,,,,,noah-live,,,,,0.13,0.0,1.0
model,CC-WCU-2260,2026-08-15T00:52:51Z,2026-08-15T00:52:51Z,4.0,0.0,0.0,NORMAL,0.1457,49.686858068931535,,,,,,noah-live,,,,,0.13,0.0,1.0
model,CC-MOUTH-2340,2026-08-15T00:52:51Z,2026-08-15T00:52:51Z,,0.0,0.0,NORMAL,0.1457,49.686858068931535,,,,,,noah-live,,,,,0.13,0.0,1.0
obs,CC-SPD-1830,,2026-08-15T01:03:00+00:00,2.59,,,NORMAL,,,Normal,Rising,68.1,1,25380,fiman-live,,,,,,,
model,CC-UP-503,2026-08-15T02:11:06Z,2026-08-15T02:11:06Z,0.1330393759446692,0.0,0.0,NORMAL,0.1457,48.64497652869461,,,,,,noah-live,,,,,0.0,0.0,1.0
model,CC-TIL-705,2026-08-15T02:11:06Z,2026-08-15T02:11:06Z,0.17161395788520717,0.0,0.0,NORMAL,0.1457,48.64497652869461,,,,,,noah-live,,,,,0.0,0.0,1.0
model,CC-MS-1100,2026-08-15T02:11:06Z,2026-08-15T02:11:06Z,0.20148571695154172,0.0,0.0,NORMAL,0.1457,48.64497652869461,,,,,,noah-live,,,,,0.0,0.0,1.0
model,CC-SPD-1830,2026-08-15T02:11:06Z,2026-08-15T02:11:06Z,0.24637955529277195,0.0,0.0,NORMAL,0.1457,48.64497652869461,,,,,,noah-live,,,,,0.0,0.0,1.0
model,CC-COX-097,2026-08-15T02:11:06Z,2026-08-15T02:11:06Z,0.0709986210483231,0.0,0.0,NORMAL,0.1457,51.810802552349635,,,,,,noah-live,,,,,0.0,0.0,1.0
model,CC-LB-171,2026-08-15T02:11:06Z,2026-08-15T02:11:06Z,0.09513568511797797,0.0,0.0,NORMAL,0.1457,50.74201494804433,,,,,,noah-live,,,,,0.0,0.0,1.0
model,CC-WCU-2260,2026-08-15T02:11:06Z,2026-08-15T02:11:06Z,4.0,0.0,0.0,NORMAL,0.1457,49.686858068931535,,,,,,noah-live,,,,,0.0,0.0,1.0
model,CC-MOUTH-2340,2026-08-15T02:11:06Z,2026-08-15T02:11:06Z,,0.0,0.0,NORMAL,0.1457,49.686858068931535,,,,,,noah-live,,,,,0.0,0.0,1.0
obs,CC-SPD-1830,,2026-08-15T03:10:49Z,2.55,,,NORMAL,,,Normal,Rising,,0,25380,fiman-live,,,,,,,
model,CC-UP-503,2026-08-15T03:10:50Z,2026-08-15T03:10:50Z,0.1330393759446692,0.0,0.0,NORMAL,0.1457,48.64497652869461,,,,,,noah-live,,,,,0.0,0.0,1.0
model,CC-TIL-705,2026-08-15T03:10:50Z,2026-08-15T03:10:50Z,0.17161395788520717,0.0,0.0,NORMAL,0.1457,48.64497652869461,,,,,,noah-live,,,,,0.0,0.0,1.0
model,CC-MS-1100,2026-08-15T03:10:50Z,2026-08-15T03:10:50Z,0.20148571695154172,0.0,0.0,NORMAL,0.1457,48.64497652869461,,,,,,noah-live,,,,,0.0,0.0,1.0
model,CC-SPD-1830,2026-08-15T03:10:50Z,2026-08-15T03:10:50Z,0.24637955529277195,0.0,0.0,NORMAL,0.1457,48.64497652869461,,,,,,noah-live,,,,,0.0,0.0,1.0
model,CC-COX-097,2026-08-15T03:10:50Z,2026-08-15T03:10:50Z,0.0709986210483231,0.0,0.0,NORMAL,0.1457,51.810802552349635,,,,,,noah-live,,,,,0.0,0.0,1.0
model,CC-LB-171,2026-08-15T03:10:50Z,2026-08-15T03:10:50Z,0.09513568511797797,0.0,0.0,NORMAL,0.1457,50.74201494804433,,,,,,noah-live,,,,,0.0,0.0,1.0
model,CC-WCU-2260,2026-08-15T03:10:50Z,2026-08-15T03:10:50Z,4.0,0.0,0.0,NORMAL,0.1457,49.686858068931535,,,,,,noah-live,,,,,0.0,0.0,1.0
model,CC-MOUTH-2340,2026-08-15T03:10:50Z,2026-08-15T03:10:50Z,,0.0,0.0,NORMAL,0.1457,49.686858068931535,,,,,,noah-live,,,,,0.0,0.0,1.0
obs,CC-SPD-1830,,2026-08-15T03:03:00+00:00,2.53,,,NORMAL,,,Normal,Falling,59.5,1,25380,fiman-live,,,,,,,
model,CC-UP-503,2026-08-15T04:02:28Z,2026-08-15T04:02:28Z,0.1330393759446692,0.0,0.0,NORMAL,0.1457,48.64497652869461,,,,,,noah-live,,,,,0.0,0.0,1.0
model,CC-TIL-705,2026-08-15T04:02:28Z,2026-08-15T04:02:28Z,0.17161395788520717,0.0,0.0,NORMAL,0.1457,48.64497652869461,,,,,,noah-live,,,,,0.0,0.0,1.0
model,CC-MS-1100,2026-08-15T04:02:28Z,2026-08-15T04:02:28Z,0.20148571695154172,0.0,0.0,NORMAL,0.1457,48.64497652869461,,,,,,noah-live,,,,,0.0,0.0,1.0
model,CC-SPD-1830,2026-08-15T04:02:28Z,2026-08-15T04:02:28Z,0.24637955529277195,0.0,0.0,NORMAL,0.1457,48.64497652869461,,,,,,noah-live,,,,,0.0,0.0,1.0
model,CC-COX-097,2026-08-15T04:02:28Z,2026-08-15T04:02:28Z,0.0709986210483231,0.0,0.0,NORMAL,0.1457,51.810802552349635,,,,,,noah-live,,,,,0.0,0.0,1.0
model,CC-LB-171,2026-08-15T04:02:28Z,2026-08-15T04:02:28Z,0.09513568511797797,0.0,0.0,NORMAL,0.1457,50.74201494804433,,,,,,noah-live,,,,,0.0,0.0,1.0
model,CC-WCU-2260,2026-08-15T04:02:28Z,2026-08-15T04:02:28Z,4.0,0.0,0.0,NORMAL,0.1457,49.686858068931535,,,,,,noah-live,,,,,0.0,0.0,1.0
model,CC-MOUTH-2340,2026-08-15T04:02:28Z,2026-08-15T04:02:28Z,,0.0,0.0,NORMAL,0.1457,49.686858068931535,,,,,,noah-live,,,,,0.0,0.0,1.0
obs,CC-SPD-1830,,2026-08-15T04:03:00+00:00,2.5,,,NORMAL,,,Normal,Falling,52.0,1,25380,fiman-live,,,,,,,
model,CC-UP-503,2026-08-15T04:54:58Z,2026-08-15T04:54:58Z,0.1330393759446692,0.0,0.0,NORMAL,0.1457,48.64497652869461,,,,,,noah-live,,,,,0.0,0.0,1.0
model,CC-TIL-705,2026-08-15T04:54:58Z,2026-08-15T04:54:58Z,0.17161395788520717,0.0,0.0,NORMAL,0.1457,48.64497652869461,,,,,,noah-live,,,,,0.0,0.0,1.0
model,CC-MS-1100,2026-08-15T04:54:58Z,2026-08-15T04:54:58Z,0.20148571695154172,0.0,0.0,NORMAL,0.1457,48.64497652869461,,,,,,noah-live,,,,,0.0,0.0,1.0
model,CC-SPD-1830,2026-08-15T04:54:58Z,2026-08-15T04:54:58Z,0.24637955529277195,0.0,0.0,NORMAL,0.1457,48.64497652869461,,,,,,noah-live,,,,,0.0,0.0,1.0
model,CC-COX-097,2026-08-15T04:54:58Z,2026-08-15T04:54:58Z,0.0709986210483231,0.0,0.0,NORMAL,0.1457,51.810802552349635,,,,,,noah-live,,,,,0.0,0.0,1.0
model,CC-LB-171,2026-08-15T04:54:58Z,2026-08-15T04:54:58Z,0.09513568511797797,0.0,0.0,NORMAL,0.1457,50.74201494804433,,,,,,noah-live,,,,,0.0,0.0,1.0
model,CC-WCU-2260,2026-08-15T04:54:58Z,2026-08-15T04:54:58Z,4.0,0.0,0.0,NORMAL,0.1457,49.686858068931535,,,,,,noah-live,,,,,0.0,0.0,1.0
model,CC-MOUTH-2340,2026-08-15T04:54:58Z,2026-08-15T04:54:58Z,,0.0,0.0,NORMAL,0.1457,49.686858068931535,,,,,,noah-live,,,,,0.0,0.0,1.0
obs,CC-SPD-1830,,2026-08-15T04:03:00+00:00,2.5,,,NORMAL,,,Normal,Falling,76.5,0,25380,fiman-live,,,,,,,
model,CC-UP-503,2026-08-15T05:19:34Z,2026-08-15T05:19:34Z,0.1330393759446692,0.0,0.0,NORMAL,0.1457,48.64497652869461,,,,,,noah-live,,,,,0.0,0.0,1.0
model,CC-TIL-705,2026-08-15T05:19:34Z,2026-08-15T05:19:34Z,0.17161395788520717,0.0,0.0,NORMAL,0.1457,48.64497652869461,,,,,,noah-live,,,,,0.0,0.0,1.0
model,CC-MS-1100,2026-08-15T05:19:34Z,2026-08-15T05:19:34Z,0.20148571695154172,0.0,0.0,NORMAL,0.1457,48.64497652869461,,,,,,noah-live,,,,,0.0,0.0,1.0
model,CC-SPD-1830,2026-08-15T05:19:34Z,2026-08-15T05:19:34Z,0.24637955529277195,0.0,0.0,NORMAL,0.1457,48.64497652869461,,,,,,noah-live,,,,,0.0,0.0,1.0
model,CC-COX-097,2026-08-15T05:19:34Z,2026-08-15T05:19:34Z,0.0709986210483231,0.0,0.0,NORMAL,0.1457,51.810802552349635,,,,,,noah-live,,,,,0.0,0.0,1.0
model,CC-LB-171,2026-08-15T05:19:34Z,2026-08-15T05:19:34Z,0.09513568511797797,0.0,0.0,NORMAL,0.1457,50.74201494804433,,,,,,noah-live,,,,,0.0,0.0,1.0
model,CC-WCU-2260,2026-08-15T05:19:34Z,2026-08-15T05:19:34Z,4.0,0.0,0.0,NORMAL,0.1457,49.686858068931535,,,,,,noah-live,,,,,0.0,0.0,1.0
model,CC-MOUTH-2340,2026-08-15T05:19:34Z,2026-08-15T05:19:34Z,,0.0,0.0,NORMAL,0.1457,49.686858068931535,,,,,,noah-live,,,,,0.0,0.0,1.0
obs,CC-SPD-1830,,2026-08-15T05:03:00+00:00,2.5,,,NORMAL,,,Normal,Constant,46.1,1,25380,fiman-live,,,,,,,
model,CC-UP-503,2026-08-15T05:49:05Z,2026-08-15T05:49:05Z,0.1330393759446692,0.0,0.0,NORMAL,0.1457,48.64497652869461,,,,,,noah-live,,,,,0.0,0.0,1.0
model,CC-TIL-705,2026-08-15T05:49:05Z,2026-08-15T05:49:05Z,0.17161395788520717,0.0,0.0,NORMAL,0.1457,48.64497652869461,,,,,,noah-live,,,,,0.0,0.0,1.0
model,CC-MS-1100,2026-08-15T05:49:05Z,2026-08-15T05:49:05Z,0.20148571695154172,0.0,0.0,NORMAL,0.1457,48.64497652869461,,,,,,noah-live,,,,,0.0,0.0,1.0
model,CC-SPD-1830,2026-08-15T05:49:05Z,2026-08-15T05:49:05Z,0.24637955529277195,0.0,0.0,NORMAL,0.1457,48.64497652869461,,,,,,noah-live,,,,,0.0,0.0,1.0
model,CC-COX-097,2026-08-15T05:49:05Z,2026-08-15T05:49:05Z,0.0709986210483231,0.0,0.0,NORMAL,0.1457,51.810802552349635,,,,,,noah-live,,,,,0.0,0.0,1.0
model,CC-LB-171,2026-08-15T05:49:05Z,2026-08-15T05:49:05Z,0.09513568511797797,0.0,0.0,NORMAL,0.1457,50.74201494804433,,,,,,noah-live,,,,,0.0,0.0,1.0
model,CC-WCU-2260,2026-08-15T05:49:05Z,2026-08-15T05:49:05Z,4.0,0.0,0.0,NORMAL,0.1457,49.686858068931535,,,,,,noah-live,,,,,0.0,0.0,1.0
model,CC-MOUTH-2340,2026-08-15T05:49:05Z,2026-08-15T05:49:05Z,,0.0,0.0,NORMAL,0.1457,49.686858068931535,,,,,,noah-live,,,,,0.0,0.0,1.0
obs,CC-SPD-1830,,2026-08-15T05:33:00+00:00,2.48,,,NORMAL,,,Normal,Falling,53.5,1,25380,fiman-live,,,,,,,
model,CC-UP-503,2026-08-15T06:26:30Z,2026-08-15T06:26:30Z,0.1330393759446692,0.0,0.0,NORMAL,0.1457,48.64497652869461,,,,,,noah-live,,,,,0.0,0.0,1.0
model,CC-TIL-705,2026-08-15T06:26:30Z,2026-08-15T06:26:30Z,0.17161395788520717,0.0,0.0,NORMAL,0.1457,48.64497652869461,,,,,,noah-live,,,,,0.0,0.0,1.0
model,CC-MS-1100,2026-08-15T06:26:30Z,2026-08-15T06:26:30Z,0.20148571695154172,0.0,0.0,NORMAL,0.1457,48.64497652869461,,,,,,noah-live,,,,,0.0,0.0,1.0
model,CC-SPD-1830,2026-08-15T06:26:30Z,2026-08-15T06:26:30Z,0.24637955529277195,0.0,0.0,NORMAL,0.1457,48.64497652869461,,,,,,noah-live,,,,,0.0,0.0,1.0
model,CC-COX-097,2026-08-15T06:26:30Z,2026-08-15T06:26:30Z,0.0709986210483231,0.0,0.0,NORMAL,0.1457,51.810802552349635,,,,,,noah-live,,,,,0.0,0.0,1.0
model,CC-LB-171,2026-08-15T06:26:30Z,2026-08-15T06:26:30Z,0.09513568511797797,0.0,0.0,NORMAL,0.1457,50.74201494804433,,,,,,noah-live,,,,,0.0,0.0,1.0
model,CC-WCU-2260,2026-08-15T06:26:30Z,2026-08-15T06:26:30Z,4.0,0.0,0.0,NORMAL,0.1457,49.686858068931535,,,,,,noah-live,,,,,0.0,0.0,1.0
model,CC-MOUTH-2340,2026-08-15T06:26:30Z,2026-08-15T06:26:30Z,,0.0,0.0,NORMAL,0.1457,49.686858068931535,,,,,,noah-live,,,,,0.0,0.0,1.0
obs,CC-SPD-1830,,2026-08-15T06:03:00+00:00,2.49,,,NORMAL,,,Normal,Constant,63.8,1,25380,fiman-live,,,,,,,
model,CC-UP-503,2026-08-15T07:06:50Z,2026-08-15T07:06:50Z,0.1330393759446692,0.0,0.0,NORMAL,0.1457,48.64497652869461,,,,,,noah-live,,,,,0.0,0.0,1.0
model,CC-TIL-705,2026-08-15T07:06:50Z,2026-08-15T07:06:50Z,0.17161395788520717,0.0,0.0,NORMAL,0.1457,48.64497652869461,,,,,,noah-live,,,,,0.0,0.0,1.0
model,CC-MS-1100,2026-08-15T07:06:50Z,2026-08-15T07:06:50Z,0.20148571695154172,0.0,0.0,NORMAL,0.1457,48.64497652869461,,,,,,noah-live,,,,,0.0,0.0,1.0
model,CC-SPD-1830,2026-08-15T07:06:50Z,2026-08-15T07:06:50Z,0.24637955529277195,0.0,0.0,NORMAL,0.1457,48.64497652869461,,,,,,noah-live,,,,,0.0,0.0,1.0
model,CC-COX-097,2026-08-15T07:06:50Z,2026-08-15T07:06:50Z,0.0709986210483231,0.0,0.0,NORMAL,0.1457,51.810802552349635,,,,,,noah-live,,,,,0.0,0.0,1.0
model,CC-LB-171,2026-08-15T07:06:50Z,2026-08-15T07:06:50Z,0.09513568511797797,0.0,0.0,NORMAL,0.1457,50.74201494804433,,,,,,noah-live,,,,,0.0,0.0,1.0
model,CC-WCU-2260,2026-08-15T07:06:50Z,2026-08-15T07:06:50Z,4.0,0.0,0.0,NORMAL,0.1457,49.686858068931535,,,,,,noah-live,,,,,0.0,0.0,1.0
model,CC-MOUTH-2340,2026-08-15T07:06:50Z,2026-08-15T07:06:50Z,,0.0,0.0,NORMAL,0.1457,49.686858068931535,,,,,,noah-live,,,,,0.0,0.0,1.0
obs,CC-SPD-1830,,2026-08-15T06:33:00+00:00,2.49,,,NORMAL,,,Normal,Constant,77.5,0,25380,fiman-live,,,,,,,
model,CC-UP-503,2026-08-15T07:50:31Z,2026-08-15T07:50:31Z,0.1330393759446692,0.0,0.0,NORMAL,0.1457,48.64497652869461,,,,,,noah-live,,,,,0.0,0.0,1.0
model,CC-TIL-705,2026-08-15T07:50:31Z,2026-08-15T07:50:31Z,0.17161395788520717,0.0,0.0,NORMAL,0.1457,48.64497652869461,,,,,,noah-live,,,,,0.0,0.0,1.0
model,CC-MS-1100,2026-08-15T07:50:31Z,2026-08-15T07:50:31Z,0.20148571695154172,0.0,0.0,NORMAL,0.1457,48.64497652869461,,,,,,noah-live,,,,,0.0,0.0,1.0
model,CC-SPD-1830,2026-08-15T07:50:31Z,2026-08-15T07:50:31Z,0.24637955529277195,0.0,0.0,NORMAL,0.1457,48.64497652869461,,,,,,noah-live,,,,,0.0,0.0,1.0
model,CC-COX-097,2026-08-15T07:50:31Z,2026-08-15T07:50:31Z,0.0709986210483231,0.0,0.0,NORMAL,0.1457,51.810802552349635,,,,,,noah-live,,,,,0.0,0.0,1.0
model,CC-LB-171,2026-08-15T07:50:31Z,2026-08-15T07:50:31Z,0.09513568511797797,0.0,0.0,NORMAL,0.1457,50.74201494804433,,,,,,noah-live,,,,,0.0,0.0,1.0
model,CC-WCU-2260,2026-08-15T07:50:31Z,2026-08-15T07:50:31Z,4.0,0.0,0.0,NORMAL,0.1457,49.686858068931535,,,,,,noah-live,,,,,0.0,0.0,1.0
model,CC-MOUTH-2340,2026-08-15T07:50:31Z,2026-08-15T07:50:31Z,,0.0,0.0,NORMAL,0.1457,49.686858068931535,,,,,,noah-live,,,,,0.0,0.0,1.0
obs,CC-SPD-1830,,2026-08-15T07:03:00+00:00,2.51,,,NORMAL,,,Normal,Rising,77.4,0,25380,fiman-live,,,,,,,
model,CC-UP-503,2026-08-15T08:20:26Z,2026-08-15T08:20:26Z,0.1330393759446692,0.0,0.0,NORMAL,0.1457,48.64497652869461,,,,,,noah-live,,,,,0.0,0.0,1.0
model,CC-TIL-705,2026-08-15T08:20:26Z,2026-08-15T08:20:26Z,0.17161395788520717,0.0,0.0,NORMAL,0.1457,48.64497652869461,,,,,,noah-live,,,,,0.0,0.0,1.0
model,CC-MS-1100,2026-08-15T08:20:26Z,2026-08-15T08:20:26Z,0.20148571695154172,0.0,0.0,NORMAL,0.1457,48.64497652869461,,,,,,noah-live,,,,,0.0,0.0,1.0
model,CC-SPD-1830,2026-08-15T08:20:26Z,2026-08-15T08:20:26Z,0.24637955529277195,0.0,0.0,NORMAL,0.1457,48.64497652869461,,,,,,noah-live,,,,,0.0,0.0,1.0
model,CC-COX-097,2026-08-15T08:20:26Z,2026-08-15T08:20:26Z,0.0709986210483231,0.0,0.0,NORMAL,0.1457,51.810802552349635,,,,,,noah-live,,,,,0.0,0.0,1.0
model,CC-LB-171,2026-08-15T08:20:26Z,2026-08-15T08:20:26Z,0.09513568511797797,0.0,0.0,NORMAL,0.1457,50.74201494804433,,,,,,noah-live,,,,,0.0,0.0,1.0
model,CC-WCU-2260,2026-08-15T08:20:26Z,2026-08-15T08:20:26Z,4.0,0.0,0.0,NORMAL,0.1457,49.686858068931535,,,,,,noah-live,,,,,0.0,0.0,1.0
model,CC-MOUTH-2340,2026-08-15T08:20:26Z,2026-08-15T08:20:26Z,,0.0,0.0,NORMAL,0.1457,49.686858068931535,,,,,,noah-live,,,,,0.0,0.0,1.0
obs,CC-SPD-1830,,2026-08-15T07:33:00+00:00,2.49,,,NORMAL,,,Normal,Constant,80.6,0,25380,fiman-live,,,,,,,
model,CC-UP-503,2026-08-15T08:53:37Z,2026-08-15T08:53:37Z,0.1330393759446692,0.0,0.0,NORMAL,0.1457,48.64497652869461,,,,,,noah-live,,,,,0.0,0.0,1.0
model,CC-TIL-705,2026-08-15T08:53:37Z,2026-08-15T08:53:37Z,0.17161395788520717,0.0,0.0,NORMAL,0.1457,48.64497652869461,,,,,,noah-live,,,,,0.0,0.0,1.0
model,CC-MS-1100,2026-08-15T08:53:37Z,2026-08-15T08:53:37Z,0.20148571695154172,0.0,0.0,NORMAL,0.1457,48.64497652869461,,,,,,noah-live,,,,,0.0,0.0,1.0
model,CC-SPD-1830,2026-08-15T08:53:37Z,2026-08-15T08:53:37Z,0.24637955529277195,0.0,0.0,NORMAL,0.1457,48.64497652869461,,,,,,noah-live,,,,,0.0,0.0,1.0
model,CC-COX-097,2026-08-15T08:53:37Z,2026-08-15T08:53:37Z,0.0709986210483231,0.0,0.0,NORMAL,0.1457,51.810802552349635,,,,,,noah-live,,,,,0.0,0.0,1.0
model,CC-LB-171,2026-08-15T08:53:37Z,2026-08-15T08:53:37Z,0.09513568511797797,0.0,0.0,NORMAL,0.1457,50.74201494804433,,,,,,noah-live,,,,,0.0,0.0,1.0
model,CC-WCU-2260,2026-08-15T08:53:37Z,2026-08-15T08:53:37Z,4.0,0.0,0.0,NORMAL,0.1457,49.686858068931535,,,,,,noah-live,,,,,0.0,0.0,1.0
model,CC-MOUTH-2340,2026-08-15T08:53:37Z,2026-08-15T08:53:37Z,,0.0,0.0,NORMAL,0.1457,49.686858068931535,,,,,,noah-live,,,,,0.0,0.0,1.0
obs,CC-SPD-1830,,2026-08-15T08:03:00+00:00,2.48,,,NORMAL,,,Normal,Falling,76.9,0,25380,fiman-live,,,,,,,
model,CC-UP-503,2026-08-15T09:19:56Z,2026-08-15T09:19:56Z,0.1330393759446692,0.0,0.0,NORMAL,0.1457,48.64497652869461,,,,,,noah-live,,,,,0.0,0.0,1.0
model,CC-TIL-705,2026-08-15T09:19:56Z,2026-08-15T09:19:56Z,0.17161395788520717,0.0,0.0,NORMAL,0.1457,48.64497652869461,,,,,,noah-live,,,,,0.0,0.0,1.0
model,CC-MS-1100,2026-08-15T09:19:56Z,2026-08-15T09:19:56Z,0.20148571695154172,0.0,0.0,NORMAL,0.1457,48.64497652869461,,,,,,noah-live,,,,,0.0,0.0,1.0
model,CC-SPD-1830,2026-08-15T09:19:56Z,2026-08-15T09:19:56Z,0.24637955529277195,0.0,0.0,NORMAL,0.1457,48.64497652869461,,,,,,noah-live,,,,,0.0,0.0,1.0
model,CC-COX-097,2026-08-15T09:19:56Z,2026-08-15T09:19:56Z,0.0709986210483231,0.0,0.0,NORMAL,0.1457,51.810802552349635,,,,,,noah-live,,,,,0.0,0.0,1.0
model,CC-LB-171,2026-08-15T09:19:56Z,2026-08-15T09:19:56Z,0.09513568511797797,0.0,0.0,NORMAL,0.1457,50.74201494804433,,,,,,noah-live,,,,,0.0,0.0,1.0
model,CC-WCU-2260,2026-08-15T09:19:56Z,2026-08-15T09:19:56Z,4.0,0.0,0.0,NORMAL,0.1457,49.686858068931535,,,,,,noah-live,,,,,0.0,0.0,1.0
model,CC-MOUTH-2340,2026-08-15T09:19:56Z,2026-08-15T09:19:56Z,,0.0,0.0,NORMAL,0.1457,49.686858068931535,,,,,,noah-live,,,,,0.0,0.0,1.0
obs,CC-SPD-1830,,2026-08-15T09:03:00+00:00,2.5,,,NORMAL,,,Normal,Constant,45.5,1,25380,fiman-live,,,,,,,
model,CC-UP-503,2026-08-15T09:48:31Z,2026-08-15T09:48:31Z,0.1330393759446692,0.0,0.0,NORMAL,0.1457,48.64497652869461,,,,,,noah-live,,,,,0.0,0.0,1.0
model,CC-TIL-705,2026-08-15T09:48:31Z,2026-08-15T09:48:31Z,0.17161395788520717,0.0,0.0,NORMAL,0.1457,48.64497652869461,,,,,,noah-live,,,,,0.0,0.0,1.0
model,CC-MS-1100,2026-08-15T09:48:31Z,2026-08-15T09:48:31Z,0.20148571695154172,0.0,0.0,NORMAL,0.1457,48.64497652869461,,,,,,noah-live,,,,,0.0,0.0,1.0
model,CC-SPD-1830,2026-08-15T09:48:31Z,2026-08-15T09:48:31Z,0.24637955529277195,0.0,0.0,NORMAL,0.1457,48.64497652869461,,,,,,noah-live,,,,,0.0,0.0,1.0
model,CC-COX-097,2026-08-15T09:48:31Z,2026-08-15T09:48:31Z,0.0709986210483231,0.0,0.0,NORMAL,0.1457,51.810802552349635,,,,,,noah-live,,,,,0.0,0.0,1.0
model,CC-LB-171,2026-08-15T09:48:31Z,2026-08-15T09:48:31Z,0.09513568511797797,0.0,0.0,NORMAL,0.1457,50.74201494804433,,,,,,noah-live,,,,,0.0,0.0,1.0
model,CC-WCU-2260,2026-08-15T09:48:31Z,2026-08-15T09:48:31Z,4.0,0.0,0.0,NORMAL,0.1457,49.686858068931535,,,,,,noah-live,,,,,0.0,0.0,1.0
model,CC-MOUTH-2340,2026-08-15T09:48:31Z,2026-08-15T09:48:31Z,,0.0,0.0,NORMAL,0.1457,49.686858068931535,,,,,,noah-live,,,,,0.0,0.0,1.0
obs,CC-SPD-1830,,2026-08-15T09:33:00+00:00,2.48,,,NORMAL,,,Normal,Constant,43.3,1,25380,fiman-live,,,,,,,
model,CC-UP-503,2026-08-15T10:16:18Z,2026-08-15T10:16:18Z,0.1330393759446692,0.0,0.0,NORMAL,0.1457,48.64497652869461,,,,,,noah-live,,,,,0.0,0.0,1.0
model,CC-TIL-705,2026-08-15T10:16:18Z,2026-08-15T10:16:18Z,0.17161395788520717,0.0,0.0,NORMAL,0.1457,48.64497652869461,,,,,,noah-live,,,,,0.0,0.0,1.0
model,CC-MS-1100,2026-08-15T10:16:18Z,2026-08-15T10:16:18Z,0.20148571695154172,0.0,0.0,NORMAL,0.1457,48.64497652869461,,,,,,noah-live,,,,,0.0,0.0,1.0
model,CC-SPD-1830,2026-08-15T10:16:18Z,2026-08-15T10:16:18Z,0.24637955529277195,0.0,0.0,NORMAL,0.1457,48.64497652869461,,,,,,noah-live,,,,,0.0,0.0,1.0
model,CC-COX-097,2026-08-15T10:16:18Z,2026-08-15T10:16:18Z,0.0709986210483231,0.0,0.0,NORMAL,0.1457,51.810802552349635,,,,,,noah-live,,,,,0.0,0.0,1.0
model,CC-LB-171,2026-08-15T10:16:18Z,2026-08-15T10:16:18Z,0.09513568511797797,0.0,0.0,NORMAL,0.1457,50.74201494804433,,,,,,noah-live,,,,,0.0,0.0,1.0
model,CC-WCU-2260,2026-08-15T10:16:18Z,2026-08-15T10:16:18Z,4.0,0.0,0.0,NORMAL,0.1457,49.686858068931535,,,,,,noah-live,,,,,0.0,0.0,1.0
model,CC-MOUTH-2340,2026-08-15T10:16:18Z,2026-08-15T10:16:18Z,,0.0,0.0,NORMAL,0.1457,49.686858068931535,,,,,,noah-live,,,,,0.0,0.0,1.0
obs,CC-SPD-1830,,2026-08-15T09:33:00+00:00,2.48,,,NORMAL,,,Normal,Constant,73.4,1,25380,fiman-live,,,,,,,
model,CC-UP-503,2026-08-15T10:46:22Z,2026-08-15T10:46:22Z,0.1330393759446692,0.0,0.0,NORMAL,0.1457,48.64497652869461,,,,,,noah-live,,,,,0.0,0.0,1.0
model,CC-TIL-705,2026-08-15T10:46:22Z,2026-08-15T10:46:22Z,0.17161395788520717,0.0,0.0,NORMAL,0.1457,48.64497652869461,,,,,,noah-live,,,,,0.0,0.0,1.0
model,CC-MS-1100,2026-08-15T10:46:22Z,2026-08-15T10:46:22Z,0.20148571695154172,0.0,0.0,NORMAL,0.1457,48.64497652869461,,,,,,noah-live,,,,,0.0,0.0,1.0
model,CC-SPD-1830,2026-08-15T10:46:22Z,2026-08-15T10:46:22Z,0.24637955529277195,0.0,0.0,NORMAL,0.1457,48.64497652869461,,,,,,noah-live,,,,,0.0,0.0,1.0
model,CC-COX-097,2026-08-15T10:46:22Z,2026-08-15T10:46:22Z,0.0709986210483231,0.0,0.0,NORMAL,0.1457,51.810802552349635,,,,,,noah-live,,,,,0.0,0.0,1.0
model,CC-LB-171,2026-08-15T10:46:22Z,2026-08-15T10:46:22Z,0.09513568511797797,0.0,0.0,NORMAL,0.1457,50.74201494804433,,,,,,noah-live,,,,,0.0,0.0,1.0
model,CC-WCU-2260,2026-08-15T10:46:22Z,2026-08-15T10:46:22Z,4.0,0.0,0.0,NORMAL,0.1457,49.686858068931535,,,,,,noah-live,,,,,0.0,0.0,1.0
model,CC-MOUTH-2340,2026-08-15T10:46:22Z,2026-08-15T10:46:22Z,,0.0,0.0,NORMAL,0.1457,49.686858068931535,,,,,,noah-live,,,,,0.0,0.0,1.0
obs,CC-SPD-1830,,2026-08-15T10:33:00+00:00,2.49,,,NORMAL,,,Normal,Constant,40.8,1,25380,fiman-live,,,,,,,
model,CC-UP-503,2026-08-15T11:13:49Z,2026-08-15T11:13:49Z,0.1330393759446692,0.0,0.0,NORMAL,0.1457,48.64497652869461,,,,,,noah-live,,,,,0.0,0.0,1.0
model,CC-TIL-705,2026-08-15T11:13:49Z,2026-08-15T11:13:49Z,0.17161395788520717,0.0,0.0,NORMAL,0.1457,48.64497652869461,,,,,,noah-live,,,,,0.0,0.0,1.0
model,CC-MS-1100,2026-08-15T11:13:49Z,2026-08-15T11:13:49Z,0.20148571695154172,0.0,0.0,NORMAL,0.1457,48.64497652869461,,,,,,noah-live,,,,,0.0,0.0,1.0
model,CC-SPD-1830,2026-08-15T11:13:49Z,2026-08-15T11:13:49Z,0.24637955529277195,0.0,0.0,NORMAL,0.1457,48.64497652869461,,,,,,noah-live,,,,,0.0,0.0,1.0
model,CC-COX-097,2026-08-15T11:13:49Z,2026-08-15T11:13:49Z,0.0709986210483231,0.0,0.0,NORMAL,0.1457,51.810802552349635,,,,,,noah-live,,,,,0.0,0.0,1.0
model,CC-LB-171,2026-08-15T11:13:49Z,2026-08-15T11:13:49Z,0.09513568511797797,0.0,0.0,NORMAL,0.1457,50.74201494804433,,,,,,noah-live,,,,,0.0,0.0,1.0
model,CC-WCU-2260,2026-08-15T11:13:49Z,2026-08-15T11:13:49Z,4.0,0.0,0.0,NORMAL,0.1457,49.686858068931535,,,,,,noah-live,,,,,0.0,0.0,1.0
model,CC-MOUTH-2340,2026-08-15T11:13:49Z,2026-08-15T11:13:49Z,,0.0,0.0,NORMAL,0.1457,49.686858068931535,,,,,,noah-live,,,,,0.0,0.0,1.0
obs,CC-SPD-1830,,2026-08-15T10:33:00+00:00,2.49,,,NORMAL,,,Normal,Constant,70.1,1,25380,fiman-live,,,,,,,
model,CC-UP-503,2026-08-15T11:43:05Z,2026-08-15T11:43:05Z,0.1330393759446692,0.0,0.0,NORMAL,0.1457,48.64497652869461,,,,,,noah-live,,,,,0.0,0.0,1.0
model,CC-TIL-705,2026-08-15T11:43:05Z,2026-08-15T11:43:05Z,0.17161395788520717,0.0,0.0,NORMAL,0.1457,48.64497652869461,,,,,,noah-live,,,,,0.0,0.0,1.0
model,CC-MS-1100,2026-08-15T11:43:05Z,2026-08-15T11:43:05Z,0.20148571695154172,0.0,0.0,NORMAL,0.1457,48.64497652869461,,,,,,noah-live,,,,,0.0,0.0,1.0
model,CC-SPD-1830,2026-08-15T11:43:05Z,2026-08-15T11:43:05Z,0.24637955529277195,0.0,0.0,NORMAL,0.1457,48.64497652869461,,,,,,noah-live,,,,,0.0,0.0,1.0
model,CC-COX-097,2026-08-15T11:43:05Z,2026-08-15T11:43:05Z,0.0709986210483231,0.0,0.0,NORMAL,0.1457,51.810802552349635,,,,,,noah-live,,,,,0.0,0.0,1.0
model,CC-LB-171,2026-08-15T11:43:05Z,2026-08-15T11:43:05Z,0.09513568511797797,0.0,0.0,NORMAL,0.1457,50.74201494804433,,,,,,noah-live,,,,,0.0,0.0,1.0
model,CC-WCU-2260,2026-08-15T11:43:05Z,2026-08-15T11:43:05Z,4.0,0.0,0.0,NORMAL,0.1457,49.686858068931535,,,,,,noah-live,,,,,0.0,0.0,1.0
model,CC-MOUTH-2340,2026-08-15T11:43:05Z,2026-08-15T11:43:05Z,,0.0,0.0,NORMAL,0.1457,49.686858068931535,,,,,,noah-live,,,,,0.0,0.0,1.0
obs,CC-SPD-1830,,2026-08-15T11:33:00+00:00,2.48,,,NORMAL,,,Normal,Constant,51.5,1,25380,fiman-live,,,,,,,
model,CC-UP-503,2026-08-15T12:24:30Z,2026-08-15T12:24:30Z,0.1330393759446692,0.0,0.0,NORMAL,0.1457,48.64497652869461,,,,,,noah-live,,,,,0.016,0.0,1.0
model,CC-TIL-705,2026-08-15T12:24:30Z,2026-08-15T12:24:30Z,0.17161395788520717,0.0,0.0,NORMAL,0.1457,48.64497652869461,,,,,,noah-live,,,,,0.016,0.0,1.0
model,CC-MS-1100,2026-08-15T12:24:30Z,2026-08-15T12:24:30Z,0.20148571695154172,0.0,0.0,NORMAL,0.1457,48.64497652869461,,,,,,noah-live,,,,,0.016,0.0,1.0
model,CC-SPD-1830,2026-08-15T12:24:30Z,2026-08-15T12:24:30Z,0.24637955529277195,0.0,0.0,NORMAL,0.1457,48.64497652869461,,,,,,noah-live,,,,,0.016,0.0,1.0
model,CC-COX-097,2026-08-15T12:24:30Z,2026-08-15T12:24:30Z,0.0709986210483231,0.0,0.0,NORMAL,0.1457,51.810802552349635,,,,,,noah-live,,,,,0.016,0.0,1.0
model,CC-LB-171,2026-08-15T12:24:30Z,2026-08-15T12:24:30Z,0.09513568511797797,0.0,0.0,NORMAL,0.1457,50.74201494804433,,,,,,noah-live,,,,,0.016,0.0,1.0
model,CC-WCU-2260,2026-08-15T12:24:30Z,2026-08-15T12:24:30Z,4.0,0.0,0.0,NORMAL,0.1457,49.686858068931535,,,,,,noah-live,,,,,0.016,0.0,1.0
model,CC-MOUTH-2340,2026-08-15T12:24:30Z,2026-08-15T12:24:30Z,,0.0,0.0,NORMAL,0.1457,49.686858068931535,,,,,,noah-live,,,,,0.016,0.0,1.0
obs,CC-SPD-1830,,2026-08-15T12:03:00+00:00,2.48,,,NORMAL,,,Normal,Constant,64.0,1,25380,fiman-live,,,,,,,
model,CC-UP-503,2026-08-15T13:07:02Z,2026-08-15T13:07:02Z,0.1330393759446692,0.0,0.0,NORMAL,0.1457,48.64497652869461,,,,,,noah-live,,,,,0.016,0.0,1.0
model,CC-TIL-705,2026-08-15T13:07:02Z,2026-08-15T13:07:02Z,0.17161395788520717,0.0,0.0,NORMAL,0.1457,48.64497652869461,,,,,,noah-live,,,,,0.016,0.0,1.0
model,CC-MS-1100,2026-08-15T13:07:02Z,2026-08-15T13:07:02Z,0.20148571695154172,0.0,0.0,NORMAL,0.1457,48.64497652869461,,,,,,noah-live,,,,,0.016,0.0,1.0
model,CC-SPD-1830,2026-08-15T13:07:02Z,2026-08-15T13:07:02Z,0.24637955529277195,0.0,0.0,NORMAL,0.1457,48.64497652869461,,,,,,noah-live,,,,,0.016,0.0,1.0
model,CC-COX-097,2026-08-15T13:07:02Z,2026-08-15T13:07:02Z,0.0709986210483231,0.0,0.0,NORMAL,0.1457,51.810802552349635,,,,,,noah-live,,,,,0.016,0.0,1.0
model,CC-LB-171,2026-08-15T13:07:02Z,2026-08-15T13:07:02Z,0.09513568511797797,0.0,0.0,NORMAL,0.1457,50.74201494804433,,,,,,noah-live,,,,,0.016,0.0,1.0
model,CC-WCU-2260,2026-08-15T13:07:02Z,2026-08-15T13:07:02Z,4.0,0.0,0.0,NORMAL,0.1457,49.686858068931535,,,,,,noah-live,,,,,0.016,0.0,1.0
model,CC-MOUTH-2340,2026-08-15T13:07:02Z,2026-08-15T13:07:02Z,,0.0,0.0,NORMAL,0.1457,49.686858068931535,,,,,,noah-live,,,,,0.016,0.0,1.0
obs,CC-SPD-1830,,2026-08-15T12:33:00+00:00,2.48,,,NORMAL,,,Normal,Constant,77.1,0,25380,fiman-live,,,,,,,
model,CC-UP-503,2026-08-15T13:50:09Z,2026-08-15T13:50:09Z,0.1330393759446692,0.0,0.0,NORMAL,0.1457,48.64497652869461,,,,,,noah-live,,,,,0.028,0.0,1.0
model,CC-TIL-705,2026-08-15T13:50:09Z,2026-08-15T13:50:09Z,0.17161395788520717,0.0,0.0,NORMAL,0.1457,48.64497652869461,,,,,,noah-live,,,,,0.028,0.0,1.0
model,CC-MS-1100,2026-08-15T13:50:09Z,2026-08-15T13:50:09Z,0.20148571695154172,0.0,0.0,NORMAL,0.1457,48.64497652869461,,,,,,noah-live,,,,,0.028,0.0,1.0
model,CC-SPD-1830,2026-08-15T13:50:09Z,2026-08-15T13:50:09Z,0.24637955529277195,0.0,0.0,NORMAL,0.1457,48.64497652869461,,,,,,noah-live,,,,,0.028,0.0,1.0
model,CC-COX-097,2026-08-15T13:50:09Z,2026-08-15T13:50:09Z,0.0709986210483231,0.0,0.0,NORMAL,0.1457,51.810802552349635,,,,,,noah-live,,,,,0.028,0.0,1.0
model,CC-LB-171,2026-08-15T13:50:09Z,2026-08-15T13:50:09Z,0.09513568511797797,0.0,0.0,NORMAL,0.1457,50.74201494804433,,,,,,noah-live,,,,,0.028,0.0,1.0
model,CC-WCU-2260,2026-08-15T13:50:09Z,2026-08-15T13:50:09Z,4.0,0.0,0.0,NORMAL,0.1457,49.686858068931535,,,,,,noah-live,,,,,0.028,0.0,1.0
model,CC-MOUTH-2340,2026-08-15T13:50:09Z,2026-08-15T13:50:09Z,,0.0,0.0,NORMAL,0.1457,49.686858068931535,,,,,,noah-live,,,,,0.028,0.0,1.0
obs,CC-SPD-1830,,2026-08-15T13:33:00+00:00,2.48,,,NORMAL,,,Normal,Constant,42.8,1,25380,fiman-live,,,,,,,
model,CC-UP-503,2026-08-15T14:15:50Z,2026-08-15T14:15:50Z,0.1330393759446692,0.0,0.0,NORMAL,0.1457,48.64497652869461,,,,,,noah-live,,,,,0.0,0.0,1.0
model,CC-TIL-705,2026-08-15T14:15:50Z,2026-08-15T14:15:50Z,0.17161395788520717,0.0,0.0,NORMAL,0.1457,48.64497652869461,,,,,,noah-live,,,,,0.0,0.0,1.0
model,CC-MS-1100,2026-08-15T14:15:50Z,2026-08-15T14:15:50Z,0.20148571695154172,0.0,0.0,NORMAL,0.1457,48.64497652869461,,,,,,noah-live,,,,,0.0,0.0,1.0
model,CC-SPD-1830,2026-08-15T14:15:50Z,2026-08-15T14:15:50Z,0.24637955529277195,0.0,0.0,NORMAL,0.1457,48.64497652869461,,,,,,noah-live,,,,,0.0,0.0,1.0
model,CC-COX-097,2026-08-15T14:15:50Z,2026-08-15T14:15:50Z,0.0709986210483231,0.0,0.0,NORMAL,0.1457,51.810802552349635,,,,,,noah-live,,,,,0.0,0.0,1.0
model,CC-LB-171,2026-08-15T14:15:50Z,2026-08-15T14:15:50Z,0.09513568511797797,0.0,0.0,NORMAL,0.1457,50.74201494804433,,,,,,noah-live,,,,,0.0,0.0,1.0
model,CC-WCU-2260,2026-08-15T14:15:50Z,2026-08-15T14:15:50Z,4.0,0.0,0.0,NORMAL,0.1457,49.686858068931535,,,,,,noah-live,,,,,0.0,0.0,1.0
model,CC-MOUTH-2340,2026-08-15T14:15:50Z,2026-08-15T14:15:50Z,,0.0,0.0,NORMAL,0.1457,49.686858068931535,,,,,,noah-live,,,,,0.0,0.0,1.0
obs,CC-SPD-1830,,2026-08-15T13:33:00+00:00,2.48,,,NORMAL,,,Normal,Constant,73.2,1,25380,fiman-live,,,,,,,
model,CC-UP-503,2026-08-15T14:46:12Z,2026-08-15T14:46:12Z,0.1330393759446692,0.0,0.0,NORMAL,0.1457,48.64497652869461,,,,,,noah-live,,,,,0.0,0.0,1.0
model,CC-TIL-705,2026-08-15T14:46:12Z,2026-08-15T14:46:12Z,0.17161395788520717,0.0,0.0,NORMAL,0.1457,48.64497652869461,,,,,,noah-live,,,,,0.0,0.0,1.0
model,CC-MS-1100,2026-08-15T14:46:12Z,2026-08-15T14:46:12Z,0.20148571695154172,0.0,0.0,NORMAL,0.1457,48.64497652869461,,,,,,noah-live,,,,,0.0,0.0,1.0
model,CC-SPD-1830,2026-08-15T14:46:12Z,2026-08-15T14:46:12Z,0.24637955529277195,0.0,0.0,NORMAL,0.1457,48.64497652869461,,,,,,noah-live,,,,,0.0,0.0,1.0
model,CC-COX-097,2026-08-15T14:46:12Z,2026-08-15T14:46:12Z,0.0709986210483231,0.0,0.0,NORMAL,0.1457,51.810802552349635,,,,,,noah-live,,,,,0.0,0.0,1.0
model,CC-LB-171,2026-08-15T14:46:12Z,2026-08-15T14:46:12Z,0.09513568511797797,0.0,0.0,NORMAL,0.1457,50.74201494804433,,,,,,noah-live,,,,,0.0,0.0,1.0
model,CC-WCU-2260,2026-08-15T14:46:12Z,2026-08-15T14:46:12Z,4.0,0.0,0.0,NORMAL,0.1457,49.686858068931535,,,,,,noah-live,,,,,0.0,0.0,1.0
model,CC-MOUTH-2340,2026-08-15T14:46:12Z,2026-08-15T14:46:12Z,,0.0,0.0,NORMAL,0.1457,49.686858068931535,,,,,,noah-live,,,,,0.0,0.0,1.0
obs,CC-SPD-1830,,2026-08-15T14:03:00+00:00,2.48,,,NORMAL,,,Normal,Constant,70.9,1,25380,fiman-live,,,,,,,
model,CC-UP-503,2026-08-15T15:13:57Z,2026-08-15T15:13:57Z,0.1330393759446692,0.0,0.0,NORMAL,0.1457,48.64497652869461,,,,,,noah-live,,,,,0.0,0.0,1.0
model,CC-TIL-705,2026-08-15T15:13:57Z,2026-08-15T15:13:57Z,0.17161395788520717,0.0,0.0,NORMAL,0.1457,48.64497652869461,,,,,,noah-live,,,,,0.0,0.0,1.0
model,CC-MS-1100,2026-08-15T15:13:57Z,2026-08-15T15:13:57Z,0.20148571695154172,0.0,0.0,NORMAL,0.1457,48.64497652869461,,,,,,noah-live,,,,,0.0,0.0,1.0
model,CC-SPD-1830,2026-08-15T15:13:57Z,2026-08-15T15:13:57Z,0.24637955529277195,0.0,0.0,NORMAL,0.1457,48.64497652869461,,,,,,noah-live,,,,,0.0,0.0,1.0
model,CC-COX-097,2026-08-15T15:13:57Z,2026-08-15T15:13:57Z,0.0709986210483231,0.0,0.0,NORMAL,0.1457,51.810802552349635,,,,,,noah-live,,,,,0.0,0.0,1.0
model,CC-LB-171,2026-08-15T15:13:57Z,2026-08-15T15:13:57Z,0.09513568511797797,0.0,0.0,NORMAL,0.1457,50.74201494804433,,,,,,noah-live,,,,,0.0,0.0,1.0
model,CC-WCU-2260,2026-08-15T15:13:57Z,2026-08-15T15:13:57Z,4.0,0.0,0.0,NORMAL,0.1457,49.686858068931535,,,,,,noah-live,,,,,0.0,0.0,1.0
model,CC-MOUTH-2340,2026-08-15T15:13:57Z,2026-08-15T15:13:57Z,,0.0,0.0,NORMAL,0.1457,49.686858068931535,,,,,,noah-live,,,,,0.0,0.0,1.0
obs,CC-SPD-1830,,2026-08-15T14:33:00+00:00,2.46,,,NORMAL,,,Normal,Falling,70.3,1,25380,fiman-live,,,,,,,
model,CC-UP-503,2026-08-15T15:43:20Z,2026-08-15T15:43:20Z,0.1330393759446692,0.0,0.0,NORMAL,0.1457,48.64497652869461,,,,,,noah-live,,,,,0.0,0.0,1.0
model,CC-TIL-705,2026-08-15T15:43:20Z,2026-08-15T15:43:20Z,0.17161395788520717,0.0,0.0,NORMAL,0.1457,48.64497652869461,,,,,,noah-live,,,,,0.0,0.0,1.0
model,CC-MS-1100,2026-08-15T15:43:20Z,2026-08-15T15:43:20Z,0.20148571695154172,0.0,0.0,NORMAL,0.1457,48.64497652869461,,,,,,noah-live,,,,,0.0,0.0,1.0
model,CC-SPD-1830,2026-08-15T15:43:20Z,2026-08-15T15:43:20Z,0.24637955529277195,0.0,0.0,NORMAL,0.1457,48.64497652869461,,,,,,noah-live,,,,,0.0,0.0,1.0
model,CC-COX-097,2026-08-15T15:43:20Z,2026-08-15T15:43:20Z,0.0709986210483231,0.0,0.0,NORMAL,0.1457,51.810802552349635,,,,,,noah-live,,,,,0.0,0.0,1.0
model,CC-LB-171,2026-08-15T15:43:20Z,2026-08-15T15:43:20Z,0.09513568511797797,0.0,0.0,NORMAL,0.1457,50.74201494804433,,,,,,noah-live,,,,,0.0,0.0,1.0
model,CC-WCU-2260,2026-08-15T15:43:20Z,2026-08-15T15:43:20Z,4.0,0.0,0.0,NORMAL,0.1457,49.686858068931535,,,,,,noah-live,,,,,0.0,0.0,1.0
model,CC-MOUTH-2340,2026-08-15T15:43:20Z,2026-08-15T15:43:20Z,,0.0,0.0,NORMAL,0.1457,49.686858068931535,,,,,,noah-live,,,,,0.0,0.0,1.0
obs,CC-SPD-1830,,2026-08-15T15:33:00+00:00,2.47,,,NORMAL,,,Normal,Constant,43.7,1,25380,fiman-live,,,,,,,
model,CC-UP-503,2026-08-15T16:16:41Z,2026-08-15T16:16:41Z,0.1330393759446692,0.0,0.0,NORMAL,0.1457,48.64497652869461,,,,,,noah-live,,,,,0.0,0.0,1.0
model,CC-TIL-705,2026-08-15T16:16:41Z,2026-08-15T16:16:41Z,0.17161395788520717,0.0,0.0,NORMAL,0.1457,48.64497652869461,,,,,,noah-live,,,,,0.0,0.0,1.0
model,CC-MS-1100,2026-08-15T16:16:41Z,2026-08-15T16:16:41Z,0.20148571695154172,0.0,0.0,NORMAL,0.1457,48.64497652869461,,,,,,noah-live,,,,,0.0,0.0,1.0
model,CC-SPD-1830,2026-08-15T16:16:41Z,2026-08-15T16:16:41Z,0.24637955529277195,0.0,0.0,NORMAL,0.1457,48.64497652869461,,,,,,noah-live,,,,,0.0,0.0,1.0
model,CC-COX-097,2026-08-15T16:16:41Z,2026-08-15T16:16:41Z,0.0709986210483231,0.0,0.0,NORMAL,0.1457,51.810802552349635,,,,,,noah-live,,,,,0.0,0.0,1.0
model,CC-LB-171,2026-08-15T16:16:41Z,2026-08-15T16:16:41Z,0.09513568511797797,0.0,0.0,NORMAL,0.1457,50.74201494804433,,,,,,noah-live,,,,,0.0,0.0,1.0
model,CC-WCU-2260,2026-08-15T16:16:41Z,2026-08-15T16:16:41Z,4.0,0.0,0.0,NORMAL,0.1457,49.686858068931535,,,,,,noah-live,,,,,0.0,0.0,1.0
model,CC-MOUTH-2340,2026-08-15T16:16:41Z,2026-08-15T16:16:41Z,,0.0,0.0,NORMAL,0.1457,49.686858068931535,,,,,,noah-live,,,,,0.0,0.0,1.0
